Serving RSRP_All Logs,Serving RSRQ_All Logs,Serving RSSI_All Logs,Serving PCC SINR_All Logs,Serving DL EARFCN_All Logs,PCC PHY Throughput DL_All Logs,PDCP Throughput DL_All Logs
-70.77,-8.66,-48.02,7.83,1876,8737.41,7204.2
-72.4,-10.56,-47.17,4.95,1876,6969.09,5073.57
-71.32,-10.13,-47.11,5.65,1876,3874.06,2846.46
-69.92,-9.62,-46.18,6.95,1876,5575.82,5308.1
-72.43,-10.3,-47.74,4.28,1876,6114.99,3678.47
-68.54,-9.76,-44.54,8.24,1876,2498.54,3873.23
-66.55,-8.61,-43.72,11.26,1876,7904.68,8240.96
-67.85,-9.51,-44.08,9.38,1876,8380.01,6571.02
-67.97,-9.35,-44.36,9.82,1876,8674.93,6838.21
-77.04,-11.89,-50.37,1.46,1876,6563.22,3202.8
-76.67,-10.02,-52.24,2.75,1876,1554.75,1206.31
-75.83,-9.92,-51.84,5.35,1876,4816.22,5167.7
-77.38,-11.62,-51.41,-0.3,1876,4897.7,2234.3
-72.19,-9.11,-48.82,5.86,1876,2658.24,4586.64
-69.87,-7.98,-47.25,9.93,1876,6652.67,6137.42
-72.55,-9,-49.36,8.43,1876,8312.41,6907.9
-70.34,-8.94,-47.12,10.2,1876,6022.93,5561.74
-66.64,-8.48,-44.13,13.35,1876,8479.56,8910.39
-64.57,-8.89,-41.65,13.31,1876,11027.32,10170.67
-65.89,-9.45,-42.18,10.08,1876,9950.74,8300.1
-67.39,-9.97,-42.97,6.39,1876,8837.36,6826.23
-71.26,-10.86,-45.7,3.19,1876,7755.97,4853.23
-68.52,-11.14,-43.15,2.01,1876,4091.35,2030.76
-62.82,-9.25,-39.49,8.45,1876,5074.72,3769.43
-64,-9.96,-39.95,7.66,1876,6602.23,5699.18
-69.28,-9.16,-46.02,7.33,1876,5574.24,3238.17
-69.3,-8.54,-46.73,12.31,1876,10867.3,10031.35
-69.1,-10.2,-44.87,4.59,1876,7940.93,5694.46
-68.95,-9.56,-45.01,7,1876,4084.93,4263.28
-64.6,-9.25,-41.22,10.93,1876,7756.5,7281.02
-61.62,-9.39,-38.09,11.62,1876,9574.09,8782.74
-61.24,-9.88,-37.33,8.79,1876,9732.11,7140.63
-61.67,-9.46,-38.12,12.53,1876,7840.61,9275.19
-62.85,-9.21,-39.63,14.96,1876,10845.08,8535.77
-67.07,-9.77,-43.27,10.54,1876,10428.94,10079.14
-70.02,-9.18,-46.54,9.47,1876,8555.1,5969.45
-71.32,-9.56,-47.62,8.17,1876,11094.32,8143.48
-70.59,-9.63,-46.74,7.37,1876,8125.11,6431.57
-65.13,-9.26,-41.75,10.81,1876,9030.59,9944.81
-61.89,-9.24,-38.57,13.46,1876,10820.52,9183.38
-62.26,-9.31,-38.88,14.41,1876,10271.56,9887.43
-65.15,-9.45,-41.61,9.4,1876,11191.85,7346.44
-67.72,-9.88,-43.6,6.62,1876,6759.02,5471.86
-68.88,-9.88,-44.97,6.24,1876,5863.77,4766.42
-65.79,-9.17,-42.56,11.96,1876,6339.15,8148.58
-67.59,-9.4,-44.11,11.22,1876,10195.09,7872.64
-69.07,-9.35,-45.67,8.35,1876,9604.74,7929.25
-67.63,-9.28,-44.23,10.77,1876,9012.06,10251.69
-68.2,-8.74,-45.2,11.24,1876,11772.59,10525.54
-68.09,-8.61,-45.26,12.13,1876,12271.44,10604.4
-69.38,-8.4,-46.63,10.35,1876,10590.46,9490.54
-66.88,-8.55,-43.99,11.59,1876,10973.25,9653
-67.86,-9.07,-44.75,11.15,1876,11291.71,9434.95
-66.37,-8.99,-43,10.86,1876,9752,9046.18
-67.39,-9.08,-44.16,11.06,1876,9716.35,7889.58
-73.41,-9.97,-49.13,4.99,1876,5889.02,2860.53
-71.75,-9.66,-47.69,5.76,1876,6445.03,4591.23
-72.43,-10.11,-47.92,4.99,1876,5272.86,4631.9
-70.97,-9.6,-47.1,8.25,1876,6926.81,6081.52
-72.06,-10.8,-47.09,3.88,1876,6183.1,5255.05
-64.38,-9.61,-40.15,13.31,1876,1797.45,1923.95
-65.2,-9.12,-41.95,14.92,1876,10698.9,6210.12
-66.64,-9.04,-43.48,15.22,1876,11812.02,5706.35
-65.33,-8.97,-42.32,15.56,1876,9788.68,5205.64
-66.6,-9.16,-43.42,12.05,1876,10397.74,5669.59
-69.72,-9.42,-46.16,8.89,1876,9590.13,5433.93
-70.66,-9.3,-47.25,7.9,1876,9391.85,3694.04
-69.32,-9.08,-46.17,10.11,1876,8086.95,3923.33
-72.44,-9.56,-48.54,9.33,1876,7424.11,3769.72
-72.17,-9.3,-48.84,9.76,1876,7405.39,3756.38
-74.45,-10.73,-49.66,5.67,1876,6433.5,2198.79
-77.48,-11.53,-51.81,1.7,1876,4166.48,1314.46
-75.3,-9.51,-51.49,2.03,1876,194,28.14
-76.73,-9.87,-52.77,6.98,1876,5224.08,3392.43
-81.01,-11.42,-55.25,3.21,1876,3604.42,2958.23
-81.2,-11.15,-55.83,2.51,1876,3262.48,2146.5
-82.88,-10.96,-57.64,0.54,1876,2951.74,2388.67
-81.06,-10,-56.91,4.53,1876,2041.68,2207.71
-82.3,-10.38,-57.85,2.2,1876,5397.67,4080.07
-83.9,-10.11,-59.58,2.21,1876,4104.85,3242.77
-82.05,-10,-57.96,2.54,1876,2394.37,1487.35
-76.38,-8.72,-53.36,9.7,1876,5151.92,5825.07
-77.79,-9.48,-54.09,6.64,1876,7488.81,6012.43
-77.11,-9.2,-53.66,6.98,1876,5965.5,5883.99
-75.81,-9.07,-52.52,9.85,1876,8376.98,7675.99
-74.12,-8.82,-51.2,13.55,1876,10457.86,10699.5
-76.48,-8.7,-53.62,12.43,1876,11494.01,10024.66
-76.91,-7.83,-54.66,12.06,1876,10656.03,7886.19
-77.27,-7.8,-54.76,15.32,1876,9887.92,6633.78
-74.98,-8.17,-52.59,14.81,1876,10877.25,10593.64
-74.01,-8.57,-51.11,13.2,1876,11538.6,9085.74
-76.21,-8.22,-53.68,13.48,1876,8950.94,8914.45
-75.05,-8.48,-52.35,15.8,1876,12803.49,11587.98
-73.08,-8.76,-50.13,17.43,1876,14617.01,13518.71
-76.35,-8.05,-53.94,14.7,1876,15341.46,12448.17
-79.52,-8.42,-56.72,11.77,1876,10652.46,8675.63
-78.68,-8.27,-56.13,11.91,1876,8486.35,8154.55
-80.14,-8.07,-57.65,13.32,1876,11470.55,10160.4
-80.83,-7.89,-58.54,12,1876,10354.05,8870.12
-80.54,-8.32,-58.04,12.98,1876,10462.97,10068.61
-73.73,-8.3,-51.11,16.01,1876,12894.37,10863.76
-74.13,-8.71,-51.32,19.28,1876,12776.94,15641.77
-77.5,-8.31,-54.95,17.49,1876,21656.75,17327.32
-78.88,-8.73,-55.68,15.8,1876,18091.78,13180.89
-76.74,-8.31,-54.15,16.21,1876,9724.68,6300.95
-73.72,-8.65,-50.86,19.11,1876,16425.38,13936.3
-75.07,-8.57,-52.33,18.84,1876,17744.96,6494.58
-80.27,-8.75,-57.36,14.8,1876,11176.87,9995.26
-83.5,-9.01,-60.37,13.01,1876,11282.98,8966.83
-84.16,-8.9,-61.11,11.29,1876,8433.54,7868.79
-84.47,-9.08,-61.21,8.19,1876,10458.4,8081.85
-82.61,-9.06,-59.26,9.6,1876,6745.02,6584.63
-83.37,-9.46,-59.84,8.46,1876,8114.63,3556.24
-82.91,-9.34,-59.44,10.19,1876,6278.69,6799.11
-81.26,-8.48,-58.54,13.42,1876,9974.12,6661.52
-81.5,-8.85,-58.32,13.31,1876,9119.69,4049.53
-82.3,-8.44,-59.69,11.91,1876,7235.37,3347.49
-82.04,-8.58,-59.2,14.74,1876,7489.26,3818.64
-83.72,-8.64,-60.96,11.6,1876,11085.76,3138.27
-82.32,-8.96,-59,11.99,1876,8202.77,3058.09
-80.82,-9.04,-57.67,12.78,1876,9733.96,3853.15
-82.8,-9.07,-59.63,10.95,1876,8639.24,3184.93
-84.1,-8.88,-60.9,9.78,1876,6837.07,2734.95
-83.4,-8.77,-60.54,11.01,1876,6160.89,2780.95
-83.42,-8.98,-60.17,11.13,1876,10991.16,2876.78
-83.31,-8.93,-60.28,11.69,1876,6207.36,3118.45
-79.11,-9.09,-55.89,15.99,1876,9549.5,5885.35
-81.03,-9.04,-57.84,14.98,1876,11746.31,5323.27
-84.05,-8.93,-60.97,13.41,1876,10379.88,6089.64
-83.09,-9.18,-59.86,13.43,1876,10401.64,6205.38
-83.24,-9.09,-60.07,13.4,1876,10920.9,9819.18
-81.94,-8.8,-59.06,15.49,1876,11283.82,10447.3
-82.63,-8.91,-59.63,13.98,1876,11399.55,9870.57
-81.14,-8.78,-58.23,15.99,1876,8181.9,5966.05
-82.33,-8.96,-59.24,14.77,1876,11736.99,9861.23
-81.98,-8.83,-59.06,16.28,1876,10969.45,8105.94
-82.43,-8.86,-59.49,14.36,1876,9547.17,5004.19
-85.32,-8.79,-62.32,11.89,1876,7236.52,3741.37
-83.79,-8.74,-61.01,12.99,1876,7671.03,4655.9
-84.62,-8.68,-61.79,13.92,1876,9037.71,5186.95
-85.22,-8.71,-62.36,13.41,1876,8737.25,4238.26
-83.71,-9.06,-60.58,14.87,1876,8477.97,5112.17
-86.86,-9.38,-63.43,12.25,1876,9704.35,4740.55
-86.98,-8.86,-64.11,12.96,1876,6660.82,3605.56
-89.21,-9.14,-66.03,11.18,1876,6232.33,3716.01
-87.72,-9.03,-64.54,12.56,1876,5347.46,2390.61
-87.79,-9.33,-64.4,11.12,1876,7707.37,5543.31
-89.74,-9.31,-66.36,10.15,1876,6498.46,6375.6
-91.96,-8.88,-69.03,9.26,1876,6332.53,5479.34
-91.31,-9.09,-68.19,9.8,1876,6371.28,5176.58
-90.46,-9.24,-67.15,10.94,1876,5730.37,5439.53
-90.71,-9.15,-67.54,10.52,1876,7090.66,6140.54
-90.22,-9.37,-66.81,10.13,1876,7012.23,6571.96
-87.29,-8.87,-64.34,13.85,1876,9118.91,8261.17
-88.82,-9.14,-65.6,12.62,1876,10467.52,9386.54
-88.01,-9,-64.96,12.94,1876,12202.52,10898.35
-89.76,-8.92,-66.79,10.14,1876,7373.06,5524.24
-87.67,-8.98,-64.58,12.49,1876,7112.25,7297.53
-89.47,-8.99,-66.41,10.61,1876,8401.39,6824.61
-90.46,-9.16,-67.25,9.92,1876,7480.94,6619.53
-90.94,-9.7,-67.23,9.78,1876,7741.49,6749.11
-91.86,-10.04,-67.8,8.98,1876,8064.24,7055.55
-91.64,-9.18,-68.44,10.15,1876,6916.64,3140.08
-91.07,-9.26,-67.8,9.44,1876,6613.62,3312.34
-88.94,-9.47,-65.45,11.35,1876,7285.46,4119.6
-90.25,-9.83,-66.36,10.95,1876,7402.03,3211.46
-90.82,-9.71,-67.07,10.12,1876,6916.66,2294.35
-91.56,-9.12,-68.24,10.03,1876,5221,1869.5
-90.85,-9.23,-67.51,9.71,1876,6408.44,2596.42
-89.34,-8.91,-66.4,11.19,1876,6376.47,2501.05
-86.35,-8.99,-63.15,13.04,1876,6627.75,3081.42
-89.09,-9.02,-65.91,10.93,1876,7472.68,3299.8
-89.9,-9.29,-66.57,10.54,1876,8563.99,4469.76
-86.21,-8.86,-63.17,14.28,1876,7128.73,4251.04
-83.78,-8.99,-60.66,16.06,1876,10408.66,6013.6
-84.08,-8.78,-61.09,16.49,1876,10208.7,5446.59
-89.84,-8.97,-66.74,10.99,1876,8828.27,6377.32
-92.49,-9.4,-69.04,8.13,1876,6452.46,5393.37
-91.14,-8.84,-68.21,10.74,1876,7109.22,5945.67
-90.35,-9,-67.23,10.12,1876,6756.24,3001.52
-90.49,-9.46,-66.83,9.52,1876,4522.25,1777.59
-87.47,-9.1,-64.31,13.5,1876,6259.82,1650.16
-86.22,-9,-63.06,12.61,1876,7410.96,5077.62
-87.04,-9.36,-63.48,8.57,1876,5537.98,2500.49
-83.94,-8.9,-60.91,14.37,1876,6229.68,3026.22
-86.64,-8.99,-63.59,10.83,1876,7796.69,2528.15
-83.47,-8.93,-60.36,12.14,1876,7459.6,3334.9
-81.74,-8.65,-59.05,13.31,1876,7451.66,4416.93
-80.8,-8.82,-57.89,15.03,1876,10087.13,8486.86
-81.14,-8.68,-58.42,14.24,1876,10975.24,9288.42
-83.17,-9.2,-59.93,13.72,1876,8679.03,7585.13
-81.16,-9.07,-58.03,15.4,1876,10561.04,8385.16
-76.63,-8.67,-53.75,18.98,1876,8976.67,4852.33
-75.22,-8.79,-52.19,19.33,1876,12912.47,6243.27
-77.13,-8.95,-54.14,19.55,1876,11879.26,6265.49
-75.03,-8.85,-51.85,21.18,1876,16225.15,9181.49
-74.42,-9.23,-51.1,21.54,1876,16064.5,7045.59
-77.16,-9.04,-54.07,19.37,1876,12407.21,5833.75
-77.99,-9.01,-54.93,19.8,1876,13796.97,6921.14
-79.69,-8.76,-56.87,18.86,1876,12616.15,7195.43
-78.9,-8.7,-56.14,19.47,1876,13410,7139.15
-80.14,-8.87,-57.21,19.49,1876,11292.53,6522.29
-78.75,-8.36,-56.3,20.58,1876,12323.49,5768.19
-79.2,-8.51,-56.5,20.42,1876,13060.85,7797.64
-76.43,-8.92,-53.34,22.06,1876,12032.03,5956.56
-76.72,-8.6,-53.83,19.68,1876,12298.51,6305.27
-76.48,-8.93,-53.45,20.07,1876,11157.65,5986.67
-82.46,-9.04,-59.34,15.19,1876,10426.24,4894.7
-84.02,-8.72,-61.18,14.51,1876,8245.13,3851.07
-88.04,-9.01,-64.81,11.99,1876,6421.07,3189.71
-92.02,-9.34,-68.51,8.34,1876,4747.55,2272.3
-92.5,-9.37,-68.99,8,1876,4561.06,2184.07
-89.92,-9.06,-66.73,9.76,1876,5163.11,2757.16
-87.31,-8.66,-64.53,12.69,1876,6042.76,3054.39
-87.92,-8.99,-64.85,11.56,1876,6652.62,3082
-88.13,-9.11,-64.97,11.05,1876,6462.62,3103.53
-85.77,-9.05,-62.66,12.66,1876,7283.14,3112.52
-90.17,-9.49,-66.54,10.2,1876,6097.08,2375.36
-94.08,-9.44,-70.5,6.89,1876,4667.51,2836.04
-90.39,-8.97,-67.35,10.5,1876,6636.43,5899.42
-92.76,-9,-69.61,8.03,1876,5410.07,5008.82
-91.85,-8.64,-69.1,8.02,1876,5981.7,4533.84
-92.87,-8.94,-69.74,8.46,1876,5087.08,2703.15
-90.99,-9.03,-67.85,9.92,1876,5566.04,2608.04
-89.8,-9.16,-66.49,10.13,1876,5304.36,2533.23
-91.41,-9.48,-67.77,9.68,1876,5535.78,3015.29
-90.33,-9.09,-67.18,9.75,1876,5983.4,4015.92
-91.93,-9.3,-68.49,9.24,1876,7128.96,6586.34
-91.61,-9.04,-68.4,8.95,1876,6675.95,5311.35
-89.68,-9.2,-66.41,8.95,1876,6148.96,5294.04
-92.73,-9.71,-68.87,7.68,1876,6010.82,5256.34
-90.08,-9.24,-66.76,9.94,1876,5383.7,3218.61
-88.83,-9.46,-65.32,10.39,1876,6483.34,3024.55
-89.15,-9.33,-65.75,10.59,1876,7849.27,4404.44
-89.99,-9.23,-66.67,9.77,1876,6416.96,4666.7
-89.5,-8.93,-66.46,10.17,1876,6557.96,4610.45
-91.44,-9.31,-68.09,8.44,1876,5229.06,2965.68
-93.83,-9.65,-70.09,6.55,1876,5152.14,3920.52
-92.61,-9.26,-69.3,7.87,1876,3556.17,1411.41
-95.02,-9.52,-71.28,5.7,1876,4277.58,1831.91
-94.36,-9.5,-70.63,6.31,1876,3607.15,1392.64
-94.97,-9.44,-71.36,5.61,1876,3698.31,1881.88
-96.8,-10.15,-72.56,3.69,1876,3663.49,3093.01
-98.68,-10.41,-74.13,1.88,1876,2353.6,1372.24
-95.8,-6.04,-75.46,4.03,1876,188.57,0
-97.47,-7.29,-75.98,2.78,1876,196.8,4.01
-100.38,-9.35,-76.81,0.62,1876,1602.4,323.07
-102.77,-11.18,-77.39,-1.67,1876,1767.31,1477.15
-102.5,-11.87,-76.45,-0.39,1876,1281.51,840.66
-101.4,-10.36,-76.93,0.51,1876,1796.47,1396.25
-101.59,-10.81,-76.69,1.34,1876,2842.22,2492.7
-102.48,-10.47,-77.79,1.07,1876,2195.01,1677.03
-103.38,-11.32,-78.01,0.83,1876,2722.55,2066.24
-102,-10.58,-77.27,1.64,1876,2009.72,1753.48
-100.92,-10.59,-76.03,3.01,1876,2904.54,2354.08
-100.23,-10.07,-76.13,2.97,1876,3041.39,2609.12
-101.85,-10.78,-77.01,1.4,1876,2795.92,2057.57
-101.71,-10,-77.63,1.76,1876,2240.87,1581.1
-100.68,-10,-76.49,2.79,1876,2884.39,2377.17
-101.91,-10.95,-76.83,1.02,1876,2683.54,1880.96
-101.42,-10.06,-77.17,1.42,1876,2189.97,1511.66
-99.78,-10.41,-75.28,2.4,1876,2407.11,1950.26
-97.74,-9.4,-74.1,3.48,1876,3048.8,2600.13
-95.76,-9.12,-72.48,5.24,1876,3261.78,3145.93
-91.38,-8.66,-68.53,8.34,1876,4745.18,4696.61
-88.4,-8.85,-65.42,10.03,1876,6987.47,6552
-91.88,-10.41,-67.35,5.11,1876,6140.28,3762.52
-93.86,-9.28,-70.49,5.48,1876,4310.46,3730.08
-91.44,-9.06,-68.27,6.17,1876,4059.74,4293.88
-90.34,-8.71,-67.49,7.59,1876,6365.33,4800.5
-91.35,-9.07,-68.07,5.91,1876,4686.02,4548.02
-91.92,-9.49,-68.25,5.31,1876,5334.96,4039.29
-93.12,-10.02,-68.75,2.91,1876,4167.91,2250.14
-92.32,-9.73,-67.85,3.28,1876,3371.12,2743.81
-92.93,-9.99,-67.93,2.28,1876,3335.21,2330.88
-93.62,-10.01,-69.43,2.8,1876,3111.6,2723.27
-92.42,-9.7,-67.94,3.57,1876,3255.33,2976.81
-91.83,-10.57,-65.75,3.24,1876,3855.73,3635.08
-92.45,-9.78,-67.21,3.28,1876,4165,3277.26
-91.61,-9.91,-67.08,3.45,1876,3838.14,3742.1
-92.27,-10.61,-66.27,1.07,1876,3949.07,2725
-91.3,-10.46,-66.11,3.2,1876,3067.77,2634.03
-92.32,-9.44,-68.47,3.59,1876,3641.31,2962.09
-93.04,-9.39,-69.54,4,1876,5153.79,3760.54
-92.53,-9.62,-68.91,4.28,1876,3368.17,3396.22
-91.71,-9.75,-67.95,6.25,1876,5043.24,4648.3
-92.07,-9.17,-68.8,6.56,1876,5711.45,5131.54
-92.75,-9.2,-69.47,7.5,1876,5580.68,5147.19
-92.71,-9.02,-69.5,7.82,1876,6608.87,5591.71
-95.69,-8.68,-72.93,5.23,1876,5281.24,3959.07
-94.85,-8.61,-72,7.08,1876,4740.8,4157.05
-93.63,-9.46,-70.04,7.26,1876,5168.73,4522.87
-92.3,-8.25,-69.93,8.29,1876,4931.81,4443.67
-93.22,-9.24,-69.93,7.22,1876,5515.99,4889.76
-91.55,-8.71,-68.62,9.19,1876,4234.85,4522.87
-90.38,-8.98,-67.31,10.77,1876,6992.62,5574.65
-91,-9,-67.91,10.05,1876,7525.16,6774.69
-92.36,-8.54,-69.66,9.35,1876,7801.72,6097.04
-91.42,-8.67,-68.57,8.88,1876,7422.54,6701.58
-92.57,-8.69,-69.7,7.96,1876,6660.61,5592.33
-92.52,-8.49,-69.99,7.45,1876,7045.89,6038.94
-92.59,-8.44,-69.99,7.58,1876,6013.38,4996.66
-91,-8.71,-68.13,8.13,1876,6204.12,5781.84
-89.03,-8.71,-66.18,9.64,1876,6476.6,4742.74
-88.81,-8.69,-66,8.53,1876,5910.14,5494.47
-90.16,-8.66,-67.31,8.66,1876,6225.83,5466.82
-89.94,-7.9,-67.82,8.88,1876,6074.35,5408.81
-88.52,-8.73,-65.5,9.32,1876,7186.34,6740.45
-89.34,-8.89,-66.35,7.37,1876,6066.77,4457.56
-89.88,-9.17,-66.49,7.63,1876,6118.6,5045.4
-90.12,-8.74,-67.24,8.25,1876,5059.96,5285.66
-91.69,-9.31,-68.35,8,1876,6721.62,5365.49
-93.24,-9.52,-69.28,6.25,1876,4596.34,3738.83
-91.74,-9.59,-67.99,6.25,1876,4448.74,4083.78
-92.57,-8.97,-69.53,6.9,1876,3328.71,3338.65
-90.91,-8.75,-67.86,7.86,1876,5523.92,4224.34
-92.32,-8.11,-69.84,8.12,1876,5709.64,4641.45
-93.66,-8.21,-71.18,7.82,1876,5416.46,4583.67
-94.43,-8.7,-71.57,6.39,1876,4752.65,3212.43
-90.96,-8.75,-68.12,8.54,1876,5211.68,5131.06
-94.14,-9.83,-69.99,4.39,1876,3896.37,2173.45
-97.01,-9.35,-73.38,2.72,1876,2817.4,2503.95
-98.09,-9.31,-74.63,2.18,1876,1811.28,1880.53
-93.64,-9.47,-69.97,3.49,1876,3327.12,2828.17
-95.22,-9.4,-71.74,3.6,1876,3629.87,2919.61
-94.1,-8.92,-71.03,4.11,1876,3259.52,3104.42
-91.04,-9.19,-67.21,5.62,1876,4601.93,4378.03
-91.57,-9.34,-67.56,6.5,1876,4590.83,3495.56
-93.68,-9.17,-70.22,5.26,1876,4461.98,3474
-88.02,-9.1,-64.35,7.84,1876,4064.69,3728.79
-87.35,-8.94,-64.34,7.33,1876,6707.74,5278.29
-91.56,-9.76,-67.73,5.79,1876,4931.25,4033.86
-95,-10.69,-70,1.71,1876,3266.8,1711.44
-94.02,-10.15,-69.68,4.22,1876,2508.27,2652.64
-95.83,-10.12,-71.56,4.02,1876,3184.72,2734.91
-95.91,-10.63,-71.12,3.79,1876,2805.57,2364.59
-92.97,-9.84,-68.94,4.93,1876,3444.67,3080.49
-93.41,-10.07,-69.19,3.92,1876,3711.22,2895.61
-93.01,-10.56,-68.15,4.12,1876,3123.36,2565.35
-90.53,-10.74,-65.5,5.37,1876,3548.42,3004.15
-92.38,-11.26,-66.62,2.55,1876,3098.49,1857.62
-93.28,-10.55,-68.4,2.31,1876,2089.36,2215.55
-100.26,-12.17,-73.39,-1.8,1876,2439.54,1284.47
-100.02,-12.38,-73.41,-1.75,1876,1261.05,502.36
-99.42,-11.37,-73.75,-1.04,1876,1615.07,865.5
-98.41,-9.78,-74.24,2.32,1876,2090.75,1018.76
-94.95,-8.44,-72.3,5.94,1876,3710.93,2228.15
-91.34,-8.75,-68.41,9.51,1876,4276.38,2146.83
-87.32,-9.07,-64.15,12.56,1876,6800.08,3773.5
-84.99,-8.75,-61.96,13.35,1876,7926.38,4351.63
-87.2,-8.72,-64.26,11.13,1876,8507.64,3423.48
-91.18,-9.52,-67.35,7.49,1876,5329.08,2421.14
-91.22,-10.14,-66.71,4.75,1876,3672.89,1627.21
-89.06,-9.73,-65.15,6.48,1876,3726.07,2228.06
-89.5,-10.22,-65.1,6.24,1876,4202.08,1961.87
-86.96,-10.14,-62.61,4.22,1876,3444.49,798.49
-84.58,-9.94,-60.09,4.53,1876,3589.62,3036.03
-79.45,-8.68,-56.53,9.51,1876,4888.61,4465.77
-78.48,-8.6,-55.55,9.26,1876,7296.12,5106.67
-81.75,-9.29,-58.12,5.2,1876,6353.6,2985.51
-83.35,-11.76,-57.1,-0.73,1876,4710.84,900.15
-83.78,-11.38,-57.84,4.01,1876,1713.15,776.61
-76.74,-8.93,-53.74,11.23,1876,9322.72,5262.84
-80.46,-9.11,-57.23,10.53,1876,8791.44,4342.88
-81.78,-9.24,-58.43,9.48,1876,8238.04,3790.31
-84.77,-10.01,-60.62,5.44,1876,6654.54,2908.21
-86.49,-10.43,-61.69,2.81,1876,3902.31,1569.32
-86.39,-8.99,-63.19,5.51,1876,2993.89,1208.81
-81.65,-8.35,-58.98,9.68,1876,4859.74,3726.17
-78.28,-8.08,-55.93,13.26,1876,6876.47,6097.43
-79.21,-8.78,-56.29,12.52,1876,9355.91,8730.85
-77.84,-8.62,-55.13,14.36,1876,10700.16,9150.72
-75.54,-8.55,-52.81,16.75,1876,9892.7,11410.94
-69.54,-8.88,-46.46,20.23,1876,15227.05,11244.66
-70.82,-8.66,-47.88,21.69,1876,12436.87,8945.28
-69.77,-8.87,-46.77,23.49,1876,14523.12,12146.23
-68.34,-8.55,-45.7,21.66,1876,14039.5,11403.49
-67.67,-8.63,-44.97,24.79,1876,13686.8,11363.01
-70,-8.87,-47.06,21.73,1876,16153.45,19223.97
-68.92,-8.77,-46.05,21.06,1876,23885.7,18074.68
-69.68,-8.61,-46.91,21,1876,13295.38,11972.28
-73.69,-9.03,-50.5,14.74,1876,13632.79,10888.27
-73.29,-8.49,-50.21,17.58,1876,13534.4,14342.08
-70.52,-8.9,-47.41,19.93,1876,16576.14,12578.29
-69.96,-9.04,-46.8,21.35,1876,15621.79,12427.71
-70.37,-8.68,-47.65,19.25,1876,11395.94,7894.94
-70.75,-8.55,-48.11,17.65,1876,11802.21,10109.81
-69.44,-8.6,-46.8,19.75,1876,13387.71,12661.44
-66.66,-9,-43.51,22.74,1876,11197.01,10963.15
-66.26,-9.02,-43.09,22.88,1876,14606.83,12045.91
-68.8,-9.02,-45.66,21.18,1876,13260.65,12130.52
-70.29,-8.5,-47.67,20.18,1876,12637.86,9968.69
-69.96,-8.92,-46.88,20.63,1876,12185.01,7890.51
-69.13,-8.62,-46.43,21.52,1876,12734.82,10662.13
-69.81,-8.57,-47.02,23.01,1876,12051.19,11514.25
-68.75,-8.81,-45.8,23.4,1876,15992.48,13004.45
-66.62,-8.89,-43.6,21.73,1876,11679.93,12564.83
-69.64,-8.85,-46.7,20.95,1876,16435.73,13672.64
-70.11,-8.79,-47.17,19.21,1876,15892.2,16244.68
-69.08,-8.4,-46.46,19.88,1876,15840.91,11485.85
-70.67,-8.4,-48.18,18.58,1876,12503.27,8954.71
-70,-8.64,-47.11,20.07,1876,11356.17,11466.94
-68.8,-8.92,-45.81,20.07,1876,17939.01,13900.25
-69.49,-9,-46.24,20.66,1876,18282.55,13848.77
-69.93,-8.93,-46.94,20.28,1876,15625.96,12321.16
-68.48,-9.07,-45.38,21.16,1876,17481.39,13113.19
-70.23,-8.83,-47.38,20.21,1876,16382.55,14677.61
-71.75,-9.01,-48.65,16.81,1876,17243.98,14338.75
-72.29,-8.7,-49.15,15.43,1876,14209.86,12382.93
-71.41,-9.1,-47.9,14.69,1876,10836.79,10444.98
-70.36,-9.29,-46.85,15.41,1876,12949.72,10378.22
-70.18,-9.35,-46.4,13.62,1876,9761.51,8323.5
-72.51,-9.47,-48.7,12.02,1876,8761.85,7926.02
-72.01,-9.1,-48.24,11.66,1876,9612.35,9304.18
-75.34,-9.09,-51.72,7.72,1876,8977.45,6843.38
-78.75,-9.03,-55.03,4.87,1876,7592.19,5931.36
-80.47,-8.96,-56.83,4.15,1876,5514.35,4721.61
-76.84,-8.44,-53.22,5.43,1876,5064.64,2842.82
-73.92,-9.52,-49.92,7.15,1876,7281.88,6460.2
-76.11,-8.98,-52.51,7.24,1876,8794.87,7743.98
-73.95,-9.5,-50.16,7.01,1876,7196.41,6487.42
-77.68,-10.51,-52.64,2.89,1876,4398.58,2580.19
-75.4,-9.45,-51.69,8.44,1876,6630.19,5655.57
-76.64,-9.42,-52.79,7.13,1876,6275.75,5537.98
-95.3,-9.68,-71.54,9.15,1876,5825.15,5603.59
-95.58,-9.49,-72.04,8.42,1876,6932.15,5725.61
-96.69,-9.77,-72.86,7.74,1876,6332.83,5573.44
-95.79,-9.88,-71.82,7.49,1876,6131.12,4513.24
-93.77,-9.36,-70.34,8.52,1876,5929.94,5354.21
-95.1,-9.34,-71.68,9.4,1876,6324.88,4790.72
-95.04,-9.42,-71.58,7.89,1876,6186.18,4324.6
-96.42,-10.02,-72.3,7.31,1876,5509.2,4868.43
-97.02,-10.03,-72.94,6.34,1876,5146.76,3548.71
-95.61,-9.21,-72.32,7.24,1876,4380.98,4197.98
-94.08,-9.1,-70.89,8.11,1876,5864.9,4410.01
-94.08,-8.97,-70.98,9.65,1876,5219.56,5308.52
-93.38,-8.79,-70.34,9.8,1876,7203.18,5958.72
-91.23,-8.49,-68.34,10.92,1876,6221.06,6377
-88.98,-8.35,-66.35,12.39,1876,8492.47,6819.57
-87.87,-8.61,-65.06,12.8,1876,7387.36,7455.07
-90.67,-9.26,-67.35,11.66,1876,9050.94,6904.19
-91.63,-8.96,-68.45,11.39,1876,7493.15,5578.13
-90.02,-8.65,-67.08,12.41,1876,7045.91,5198.04
-89.32,-9.11,-66,12.72,1876,8246.25,5287.9
-94.23,-8.94,-71.15,7.87,1876,6320.62,3922.34
-93.42,-9.33,-70.02,8.89,1876,5419.88,3703.23
-91.09,-8.89,-68,11.7,1876,5933.81,5790.05
-87.13,-8.03,-64.73,14.06,1876,8738.19,8013.43
-89.6,-8.04,-67.37,11.72,1876,9458.29,7660.76
-90.7,-8.7,-67.92,11.28,1876,8168.63,6817.37
-94.91,-9.03,-71.69,8.5,1876,6538.76,4875.59
-95.66,-9.08,-72.43,7.31,1876,6390.13,4506.23
-95.38,-9.64,-71.65,6.83,1876,4826.69,3754.05
-95.72,-9.38,-72.26,7.1,1876,4365.65,4062.45
-92.45,-9.01,-69.28,9.64,1876,5367.28,5423.61
-93.89,-7.89,-71.82,8.53,1876,6140.6,3848.14
-90.21,-6.7,-69.44,10.85,1876,4804.89,513.08
-91.62,-8.63,-68.69,9.8,1876,4616.55,3916.52
-88.27,-8.49,-65.45,11.77,1876,7048.46,6179.23
-89.68,-9.21,-66.32,8.81,1876,6871.79,4358.71
-92.52,-9.6,-68.78,7.11,1876,5509.13,3911.14
-94.46,-9.39,-70.96,7.82,1876,5911.08,5047.96
-93.05,-9.65,-69.33,8.21,1876,5508.66,5508.43
-93.25,-9,-70.14,7.54,1876,6537.63,4776.11
-92.22,-9.04,-69.08,8.34,1876,5889.73,4560.8
-91.72,-9.36,-68.23,7.93,1876,6111.64,4762.29
-93.71,-9.56,-70.02,4.87,1876,4284.31,3143.16
-92.77,-9.23,-69.29,5.67,1876,4168.17,3172.66
-93.53,-10.16,-68.67,2.29,1876,3421.93,2331.42
-92.94,-10,-68.28,2.18,1876,2733.07,2409.42
-93.93,-10.53,-68.81,0.56,1876,2542.01,1292.46
-96.14,-11.93,-69.53,0.74,1876,1161.14,1227.86
-94.23,-9.08,-71.08,5.3,1876,4445.02,4200.75
-98.85,-9.18,-75.53,3,1876,3265.98,2564.89
-97.5,-8.36,-75.02,4.98,1876,3390.76,3051.08
-94.31,-8.6,-71.67,5.95,1876,4232.67,4166.9
-95.16,-9.1,-72.05,4.62,1876,4458.59,3255.3
-93.11,-9.19,-69.84,4.98,1876,3498.05,3519.56
-94.96,-9.33,-71.61,5.64,1876,3779.33,3405.61
-94.08,-9.35,-70.67,3.9,1876,4232.36,3715.17
-93.64,-9.57,-69.97,4.48,1876,2585.87,1703.87
-92.76,-4.71,-73.84,9.25,1876,350.1,0
-90.88,-4.17,-72.7,10.86,1876,146,11.97
-89.88,-7.43,-68.43,10.49,1876,5485.21,3381.01
-86.66,-7.18,-65.48,12.02,1876,8170.34,6407.24
-87.13,-7.01,-66.1,12.92,1876,8119.44,7039.36
-89.4,-7.98,-67.4,10.71,1876,8077.95,6494.31
-92.1,-8.41,-69.67,8.11,1876,6344.48,4999.26
-90.34,-8.76,-67.53,13.15,1876,7168.4,3891.92
-89.75,-8.42,-67.01,8.79,1876,7068.52,3793.19
-94.69,-8.41,-72.03,8.08,1876,6933.19,3761.3
-97.26,-7.75,-75.18,6.29,1876,5352.99,3920.26
-93.12,-7.84,-71.24,8.78,1876,5345.25,5615.04
-91.41,-8.55,-68.57,11.18,1876,8866.76,7871.14
-88.74,-8.8,-65.88,14.04,1876,10313.67,8278.42
-90.04,-8.82,-67.07,13.64,1876,10315.31,7133.98
-89.95,-8.83,-67.1,13.11,1876,10666.99,9092.9
-88.45,-8.92,-65.51,12.43,1876,10928.57,9003.6
-86.13,-8.14,-63.95,12.67,1876,10680.52,9780.36
-84.25,-7.9,-62.34,14.05,1876,11891.58,11260.27
-86.62,-7.84,-64.77,12.68,1876,12237.05,10334.28
-86.15,-7.91,-64.23,13.03,1876,10928.79,9579.03
-88.74,-8.57,-66.15,10.37,1876,10117.04,8199.67
-88.45,-8.35,-66.09,10.35,1876,9457.5,8103.07
-87.84,-8.5,-65.24,12.5,1876,9113.87,8314.04
-91.89,-8.21,-69.5,9.25,1876,8121.52,6228.35
-94.1,-8.46,-71.13,8.09,1876,7381.79,5882.39
-97.16,-9,-74.01,4.86,1876,3948.06,3338.9
-96.01,-9.27,-72.37,4.67,1876,4387.96,3879.08
-95.79,-8.97,-72.27,4.71,1876,4051.77,3253.47
-92,-8.98,-68.93,6.74,1876,5135.14,5155.25
-91.76,-8.77,-68.88,10.3,1876,5641.35,4932.49
-90.74,-8.55,-67.83,10.94,1876,7478.72,6716.23
-90.86,-8.97,-67.58,11.71,1876,9611.11,7866.57
-86.86,-8.32,-64.12,13.57,1876,9142.14,8990.17
-89.81,-8.06,-67.74,8.67,1876,8875.57,7135.97
-87.99,-8.2,-65.71,12.46,1876,9155.15,7788.77
-87.56,-8.3,-65.26,12.01,1876,8216.68,7673.85
-86.88,-8.25,-64.55,11.71,1876,9512.74,7824.13
-89.55,-8.49,-67.03,11.12,1876,8766.59,7864.8
-88.46,-8.09,-66.29,11.56,1876,9566.98,7957.54
-89.85,-8.13,-67.67,10.22,1876,7835.06,6075.27
-88.66,-7.15,-67.44,12.1,1876,7074.91,6518.41
-91.26,-7.77,-69.31,9.42,1876,7160.01,5689.42
-93.16,-8.47,-70.52,8.55,1876,5776.88,4943.64
-92.42,-7.49,-70.73,9.6,1876,6576.04,5700.67
-88.67,-8.5,-66.09,13.18,1876,8633.61,7638.44
-90.93,-8.86,-68.02,10.46,1876,7406.64,5523.08
-90.34,-8.09,-67.88,10.33,1876,6393.72,5700.41
-92.38,-7.93,-70.13,8.32,1876,6841.01,4575.65
-95.64,-8.66,-72.84,5.29,1876,5528.22,3748.73
-96.83,-8.03,-74.74,4.21,1876,3089.18,2227.12
-93.93,-7.03,-72.85,6.92,1876,3469.94,3131.41
-96.65,-6.15,-76.36,4.13,1876,2945.89,2299.33
-94.7,-8.03,-72.43,5.95,1876,2342.56,2031.03
-92.69,-7.26,-71.17,8.29,1876,4493.71,4149.44
-89.62,-7.51,-67.91,10.67,1876,5190.49,4149.89
-87.11,-7.96,-65,15.07,1876,6621.07,6142.94
-84.77,-8.53,-61.99,16.83,1876,7644,6157.97
-87.43,-8.7,-64.6,14.41,1876,7227.62,6101.95
-86.48,-8.08,-64.37,12.89,1876,6775.16,5265.46
-86.41,-8.63,-63.72,15.92,1876,10434.54,6748.47
-87.35,-8.54,-64.47,15.08,1876,9255.98,8449.08
-88.69,-8.92,-65.74,13.08,1876,9295.62,8742.9
-89.02,-8.84,-66.01,13.16,1876,9444.25,8527.32
-89.25,-8.82,-66.31,12.82,1876,9648.08,6392.96
-90.75,-8.66,-68,11.26,1876,7416.91,7134.7
-90.78,-8.28,-68.19,11.3,1876,8457.56,8823.57
-88.5,-8.53,-65.72,13.4,1876,10059.81,8807.32
-85.43,-8.3,-63.1,16.45,1876,11598.14,11047.61
-85.42,-8.99,-62.41,16.14,1876,12684.03,12060.52
-83.84,-8.69,-61.11,18.58,1876,13672.55,11866.46
-83.71,-8.7,-60.87,17.09,1876,13072.83,11684.98
-85.16,-8.7,-62.37,16.34,1876,11674.21,10226.92
-85.04,-8.48,-62.36,14.76,1876,10130.29,9161.1
-83.75,-8.29,-61.29,15.9,1876,11971.1,10403.85
-81.9,-7.92,-59.52,17.41,1876,11169.11,10675.48
-85.38,-8.43,-62.83,16.45,1876,13569.64,10988.97
-88.93,-8.95,-65.9,14.45,1876,10861.24,9335.39
-91.11,-8.56,-68.39,11.7,1876,10498.5,8839.46
-92.38,-8.67,-69.63,10.24,1876,7929.02,6578.39
-90.26,-8.78,-67.33,11.76,1876,7302.77,6082.07
-88.78,-8.47,-66.05,13.5,1876,8648.78,7592.47
-84.25,-8.38,-61.76,17.7,1876,11045.86,10917.24
-81.68,-8.34,-59.23,19.44,1876,14129.57,10598.01
-87.24,-8.71,-64.36,14.76,1876,14057.99,10514.17
-89.95,-8.63,-67.19,12.11,1876,9983.46,8737.75
-89.21,-8.73,-66.3,13.6,1876,9175.47,6942.8
-88.55,-8.88,-65.56,14.82,1876,10851.51,9413.04
-89.71,-8.75,-66.86,13.93,1876,11418.13,10434.7
-89.79,-8.93,-66.79,14.03,1876,10973.69,10273.37
-95.76,-9.09,-72.58,9.2,1876,8396.95,5768.66
-99.11,-8.79,-76.25,5.87,1876,5714.59,4771.81
-99.36,-9.35,-75.97,4.91,1876,4727.38,3798.52
-100.75,-9.3,-77.35,4.34,1876,4235.71,3282.43
-101.1,-9.73,-77.3,3.62,1876,3373.62,2077.56
-101.16,-9.56,-77.48,3.05,1876,2833.48,1442.49
-100.7,-9.74,-76.82,3.36,1876,2693.68,2307.92
-99.66,-9.59,-75.86,3.73,1876,3488.31,2724.22
-99.51,-9.35,-76.07,4.23,1876,3088.31,1846.27
-100.38,-8.63,-77.12,3.25,1876,3105.53,2815.75
-100.23,-9.26,-76.51,2.76,1876,3417.23,3050.9
-100.47,-9.61,-76.68,2.47,1876,4074.75,3496.42
-100.68,-9.35,-77.18,1.51,1876,3710.73,3047.42
-100.48,-8.8,-77.64,2.68,1876,3334.95,2961
-100.92,-9.28,-77.63,2.24,1876,3226.83,2332.77
-101.26,-10.29,-76.86,1.21,1876,2794.83,1682.96
-100.72,-10.25,-76.46,-0.75,1876,2082.22,1753.97
-102.26,-11.25,-76.67,0.61,1876,1439.76,657.61
-100.44,-7.52,-78.87,1.84,1876,129.6,0
-100.18,-6.54,-79.26,3.02,1876,112,0
-99.47,-6.01,-79.34,3.89,1876,80,35.03
-99.94,-5.97,-79.64,3.86,1876,106.67,0
-101.06,-5.9,-81.02,2.96,1876,1907.29,26.1
-96.38,-5.53,-76.46,6.5,1876,80,0
-96.23,-5.72,-76.17,6.49,1876,142.67,107.57
-95.96,-8.77,-73.05,5.59,1876,5349.59,4257.56
-94.86,-8.63,-72.2,6.72,1876,5213.98,4793.39
-92.15,-8.14,-69.91,9.74,1876,5547.67,6469.51
-93.58,-8.62,-70.79,9.61,1876,7371.94,4785.31
-92.97,-9.1,-69.67,9.58,1876,6578.65,5540.43
-92.99,-9.08,-69.58,8.93,1876,7152.11,5904.49
-94.18,-8.55,-71.46,7.97,1876,6304.59,5984.86
-95.19,-8.76,-72.37,7.07,1876,6248.03,4545.52
-91.5,-8.59,-68.73,9.63,1876,5736.75,5688.63
-96.21,-9.54,-72.45,5.16,1876,6523.45,4159.42
-96.42,-9.3,-72.94,5.38,1876,4281.31,2932.21
-96.51,-8.85,-73.61,5.44,1876,4108.89,3511.08
-98.22,-9.52,-74.65,4.1,1876,4699.76,3049.56
-97.4,-8.99,-74.23,6.05,1876,4126.16,4565.15
-95.53,-8.98,-72.44,7.06,1876,5399.35,5115.85
-93.08,-8.44,-70.16,8.15,1876,6675.91,5992.72
-93.89,-9,-70.54,7.71,1876,6691.64,5636.24
-96.15,-9.38,-72.69,6.77,1876,5481.42,5497.23
-95.71,-9.37,-72.21,6.84,1876,6277.39,5258.26
-94.08,-8.27,-71.57,8.3,1876,6116.07,4596.71
-91.87,-9.25,-68.56,10.77,1876,6844.33,7127.97
-89.24,-8.72,-66.45,12.83,1876,9119.57,8253.89
-90.33,-9.17,-67.12,11.69,1876,10114.59,8173.45
-93.86,-8.99,-70.75,9.59,1876,8605.03,7378.82
-95.13,-9.02,-72.07,7.68,1876,7980.82,5417.46
-95.92,-9.2,-72.55,7.17,1876,5741.24,5921.74
-97.01,-9.46,-73.47,6.85,1876,6475.17,4945.8
-95.76,-8.87,-72.88,7.15,1876,5850.21,5050.88
-93.48,-9.54,-69.89,9.57,1876,7209.94,7032.73
-93.92,-9.67,-70.16,9.58,1876,8544.73,6975.92
-94.18,-9.7,-70.41,8.78,1876,7901.2,5889.07
-92.44,-9.57,-68.77,9.68,1876,7334.18,5913.25
-92.37,-9.21,-69.12,9.63,1876,7918.57,6603.1
-93.01,-9.08,-69.86,8.33,1876,7382.72,5920.13
-94.94,-9.29,-71.63,7.69,1876,6743.46,5188.78
-94.69,-9.63,-70.94,7.66,1876,6425.61,5300.04
-93.93,-9.51,-70.4,7.61,1876,6800.41,5993.05
-93.87,-9.48,-70.38,7.95,1876,7385.99,5872.03
-94.2,-9.88,-70.22,8.4,1876,7397.76,6295.25
-96.4,-9.26,-73.12,5.95,1876,7448.96,5032.8
-96.78,-9.4,-73.35,5.62,1876,5196.72,4583.3
-97,-9.35,-73.6,5.9,1876,5328.97,4314.77
-93.82,-8.86,-70.95,8.39,1876,5748.83,5456
-92.83,-9.17,-69.61,7.84,1876,7146.09,5943.51
-92.57,-8.51,-70.06,6.63,1876,6832.79,6270.43
-94.18,-8.05,-72.12,5.3,1876,6783.07,3129.66
-95.68,-8.76,-72.89,4.17,1876,4736.1,1814.86
-96.43,-7.84,-74.51,4.78,1876,3724.91,2312.21
-95.89,-7.13,-74.75,4.34,1876,3801.5,3889.22
-95.47,-8.84,-72.53,7.17,1876,5171.85,5617.77
-95.69,-7.7,-73.83,6.47,1876,6493.67,5209.5
-95.01,-8.8,-72.11,6.07,1876,5877.63,5421.17
-93.51,-8.85,-70.51,9.46,1876,6072.72,6200.01
-91.76,-8.81,-68.7,11.03,1876,8355.49,7372.92
-89.81,-9.26,-66.49,12.24,1876,8878.7,8380.17
-95.16,-8.95,-72.14,7.24,1876,8259.45,5386.05
-97.06,-8.44,-74.55,6.46,1876,6027.04,4995.98
-95.56,-9.04,-72.44,7.45,1876,5458.25,4917.19
-94.68,-8.7,-71.91,7.46,1876,6115.68,5428.38
-93.91,-8.69,-71.02,8.9,1876,6590.64,6604.09
-95.57,-8.56,-72.89,7.24,1876,6613.84,5054.03
-95.09,-9.32,-71.55,8.96,1876,6623.89,6714.7
-96.27,-9.21,-72.87,7.26,1876,7142.58,5687.33
-92.43,-9.08,-69.13,10,1876,6880.65,6668.48
-92.07,-9.18,-68.84,10.78,1876,8129.2,6883.66
-93.32,-9.41,-69.83,8.74,1876,9089.87,6288.85
-91.7,-9.1,-68.58,11.31,1876,6755.94,6881.87
-91.45,-9.31,-68.08,10.76,1876,8580.44,7419.81
-88.28,-9.26,-65,12.06,1876,8726.43,6522.17
-88.28,-9.21,-65.02,13.01,1876,10256.23,9505.17
-90.72,-9.17,-67.5,11.53,1876,9715.8,7664.72
-89.28,-9.2,-65.85,13.28,1876,9343.5,9196.16
-87.55,-8.71,-64.78,14.07,1876,10951.31,10172.59
-87.6,-8.8,-64.75,14.02,1876,12550.06,10708.71
-87.81,-9.05,-64.72,14.11,1876,10383.18,10522.13
-88.44,-8.7,-65.71,13.41,1876,12037.27,10173.25
-89.02,-8.32,-66.67,13.84,1876,11431.61,10290.14
-88.24,-8.45,-65.78,13.16,1876,11222.18,9714.87
-92.35,-8.27,-69.98,10.26,1876,9745.44,7627.6
-91.83,-8.9,-68.69,11.44,1876,8688.18,8184.62
-90.55,-8.61,-67.91,11.45,1876,8988.96,7367.66
-93.57,-9.08,-70.31,9.76,1876,8856.5,7235.74
-93.2,-8.45,-70.62,9.53,1876,8049.28,6306.95
-92.46,-8.75,-69.66,10.96,1876,7743.26,8022.6
-91.24,-9.44,-67.72,11.63,1876,9173.78,7428.45
-91.79,-8.48,-69.15,11.12,1876,8355.09,8064.29
-90.71,-8.32,-68.21,11.33,1876,8743.45,7085.07
-90,-9.08,-66.87,12.63,1876,9461.62,8401.97
-92.92,-9.12,-69.7,10.56,1876,10157.27,7416.35
-90.31,-9.09,-67.12,13.45,1876,8510.06,9349.18
-92.44,-9.02,-69.24,11.24,1876,10753.85,8653.4
-92.45,-9.11,-69.32,11.36,1876,9248.5,8305.61
-92.38,-9.12,-69.15,11.23,1876,9584.74,5901.81
-89.24,-9.01,-66.1,12.86,1876,8706.18,9634.81
-85.63,-8.5,-63.03,15.25,1876,11703.68,12084.16
-87.48,-8.63,-64.77,13.93,1876,13237.48,10401.48
-87.19,-8.31,-64.78,14.29,1876,11264.24,9440.75
-87.19,-8.75,-64.32,14.68,1876,11130.74,9058.83
-87.19,-8.07,-65,14.89,1876,11016.65,10593.39
-89.67,-8.3,-67.22,13.14,1876,12477.5,10192.86
-89.96,-8.68,-67.2,12.98,1876,9078.75,9159.77
-93.22,-9.1,-69.93,9.91,1876,11566.86,8111.21
-96.76,-9.31,-73.35,6.71,1876,6882.22,4049.29
-96.9,-9.16,-73.6,5.92,1876,5794.94,5229.68
-96.43,-9.1,-73.08,6.06,1876,5628.08,4206.55
-97.95,-9.55,-74.3,5.44,1876,5789.73,5244.91
-96.83,-9.51,-73.27,6.29,1876,5512.51,4801.79
-97.64,-10.09,-73.51,4.61,1876,5876.95,4200.84
-95.96,-9.56,-72.37,6.58,1876,5069.47,4950.63
-97.79,-9.7,-74.05,5.6,1876,6048.46,5185.05
-96.68,-9.18,-73.34,6.53,1876,5245.03,4958.39
-95.84,-9.14,-72.58,7.47,1876,6235.72,5454.51
-97.06,-9.42,-73.5,6.05,1876,5870.3,4835.05
-94.46,-9.29,-71.05,7.7,1876,6104.8,6067.39
-94.95,-9.29,-71.58,8.05,1876,7301.83,6437.04
-95.28,-8.91,-72.26,6.78,1876,6887.96,4970.37
-95.02,-8.16,-72.79,6.47,1876,5397.41,4705.23
-91.92,-8.56,-69.28,9.11,1876,6240.48,5242.23
-95.44,-9.4,-71.95,7.17,1876,7163.16,5863.99
-96.4,-9.03,-73.27,6.9,1876,6233.5,5514.8
-95.51,-9.16,-72.23,7.82,1876,6096.07,5181.44
-94.78,-9.11,-71.58,7.94,1876,7055.4,5951.99
-96.23,-8.66,-73.48,6.28,1876,6330.63,5054.51
-96.59,-8.62,-73.92,5.73,1876,5271.1,3984.17
-95.93,-9.86,-72.04,6.36,1876,5698.86,4837.87
-95.65,-9.33,-72.18,7.15,1876,5465.64,5662.22
-97.62,-9.68,-73.88,6.13,1876,6455.22,5007.4
-95.8,-9.55,-72.2,6.89,1876,5268.5,4872.51
-95.58,-9.12,-72.34,7.82,1876,6164.21,5585.31
-96.28,-9.14,-73.03,6.77,1876,6515.54,4685.92
-97.25,-9.61,-73.55,5.96,1876,5694.7,4477.51
-96.64,-9.44,-73.01,6.87,1876,5500.41,4857.83
-95.8,-9.21,-72.53,7.15,1876,5827.54,5317.73
-96.03,-9.51,-72.51,6.07,1876,5973.62,4720.29
-95.62,-9.82,-71.78,6.28,1876,5606.95,4757.87
-96,-9.71,-72.26,6.2,1876,5675.91,5134.98
-95.72,-9.51,-72.11,6.79,1876,5415.28,4724.08
-94.98,-9.47,-71.48,6.87,1876,5769.94,5111.95
-94.35,-9.25,-71.09,6.97,1876,6216.96,5149.21
-92.1,-8.6,-69.49,7.97,1876,6382.62,5483.27
-91.52,-9,-68.43,10.27,1876,6590.71,6300.23
-93.02,-8.9,-70.1,9.8,1876,8375.99,6603.97
-93.74,-8.39,-71.29,9.32,1876,7388.25,5024.28
-94.6,-8.99,-71.46,6.95,1876,7029.14,4243.36
-94.29,-8.53,-71.58,7.52,1876,5621.76,5033.7
-93.39,-9.06,-70.33,8.71,1876,6887.93,5999.98
-93.16,-8.95,-70.01,9.64,1876,6862.01,6557.25
-93.54,-8.77,-70.61,9.25,1876,8486.01,6928.7
-93.73,-9.37,-70.31,8.08,1876,7028.23,5718.1
-93.72,-9.29,-70.39,8.47,1876,6498.54,5301.93
-94.91,-9.18,-71.65,7.85,1876,6595.04,5494.77
-96.45,-8.48,-73.92,6.14,1876,6172.38,4644.74
-96.81,-9.4,-73.35,4.85,1876,5677.66,4295.82
-96.25,-9.49,-72.7,5.52,1876,4427.33,3554.34
-96.3,-9.31,-72.91,5.95,1876,5037.99,4096.6
-96.6,-8.98,-73.5,5.8,1876,4703.79,3509.85
-97.1,-8.92,-74.08,4.5,1876,4846.64,3484.85
-98.58,-9.38,-75.11,3.88,1876,4908.85,3584.58
-99.52,-10.04,-75.41,3.62,1876,3682.91,3092.61
-99.09,-9.76,-75.31,3.42,1876,3824.83,3427.15
-99.49,-10.3,-74.94,3.67,1876,4349.05,3437.78
-98.22,-9.86,-74.22,5.05,1876,4334.62,4365.53
-97.3,-8.93,-74.28,5.12,1876,4886.18,4373.89
-96.81,-9.33,-73.47,4.99,1876,5231.35,3842.69
-96.52,-9.11,-73.41,5.78,1876,5168.24,4847.48
-98.14,-9.6,-74.54,5.29,1876,5587.94,4821.24
-98.66,-9.79,-74.85,5.19,1876,5473.86,4829.06
-96.68,-9.68,-72.94,6.23,1876,5612.96,4655.8
-97.9,-10.51,-72.75,3.11,1876,5280.01,2945.88
-97.96,-10.96,-72.69,2.69,1876,3548.59,2902.91
-98.23,-9.58,-74.29,3.83,1876,3555.48,3023.46
-98.86,-9.66,-75.08,3.47,1876,3895.18,3374.02
-98.53,-9.18,-75.19,3.33,1876,4224.3,3615.62
-97.49,-10.31,-73.18,3.21,1876,4569.2,3153.51
-97.35,-10.19,-73.16,3.4,1876,4419.31,3357.81
-97.32,-10.01,-73.16,4.31,1876,4399.7,4114.07
-98.36,-9.94,-74.33,3.79,1876,4839.45,4062.21
-96.56,-9.06,-73.4,4.17,1876,4454.56,4119.51
-96.01,-9.43,-72.46,4.85,1876,4878.68,4499.47
-96.6,-9.43,-73.1,4.62,1876,5044.26,2947.65
-96.13,-9.76,-72.37,5.09,1876,4184.53,2290.11
-96.96,-9.41,-73.5,4.8,1876,4199.54,2524.34
-96.6,-9.96,-72.62,4.77,1876,4965.74,4662.83
-97.54,-9.85,-73.68,4.49,1876,5330.78,4424.39
-96.6,-9.74,-72.84,5.12,1876,4642.98,3035.94
-95.09,-8.89,-72.03,5.35,1876,4780.81,4519.44
-95.08,-9.47,-71.57,6.11,1876,5784.89,4926.61
-95.13,-9.06,-71.9,6.25,1876,5734.67,5130.42
-95.13,-9.22,-71.66,6.02,1876,5813.02,5089.13
-95.08,-9.37,-71.66,6.31,1876,5743.47,5105.37
-95.89,-9.09,-72.79,5.51,1876,5980.18,4924.49
-95.5,-9.05,-72.37,5.89,1876,5450.02,3542.73
-95.96,-9.37,-72.54,5.36,1876,4487.63,2537.46
-97.1,-9.54,-73.32,4.9,1876,4675.12,2130.59
-96.9,-9.45,-73.33,4.62,1876,4354.25,2886.06
-97.02,-9.34,-73.51,4.77,1876,5147.12,4157.56
-97.21,-9.61,-73.59,4.54,1876,5167.83,4556.75
-97.05,-9.2,-73.74,4.64,1876,5504.18,2740.02
-97.29,-9.97,-73.32,4.16,1876,4895.09,3865.65
-97.09,-9.11,-73.71,4.31,1876,4583.64,3695.26
-96.01,-10.09,-71.84,4.79,1876,4624.29,4288.06
-95.91,-9.46,-72.44,5.63,1876,5161.83,4362.86
-96.79,-9.79,-72.96,4.73,1876,5314.68,4527.48
-96.62,-9.16,-73.39,5.1,1876,4822,3807.52
-98.39,-9.17,-75.09,4.91,1876,4904.58,4253.05
-98.06,-8.78,-75.22,4.97,1876,5043.55,4599.23
-98.5,-9.26,-75.24,4.05,1876,5212.23,3824.25
-95.98,-9.64,-72.33,6.09,1876,5085.08,4332.86
-96.32,-9.5,-72.81,6.03,1876,6376.56,5277.34
-96.95,-9.45,-73.48,5.43,1876,5737.24,4893.25
-95.85,-9.54,-72.29,5.68,1876,5914.1,5216.01
-95.47,-9.66,-71.79,6.46,1876,6317.08,5548.28
-95.75,-9.76,-71.98,6.64,1876,6474.06,5729.46
-95.15,-9.69,-71.45,6.65,1876,6262.6,5610.56
-95.96,-9.51,-72.45,5.68,1876,6317.93,4340.14
-96.65,-9.4,-73.24,5.74,1876,5553.3,5140.38
-95.8,-9.27,-72.52,6.09,1876,5244.69,3640.39
-95.78,-9.61,-72.17,6.2,1876,5846.34,2822.72
-96.51,-9.96,-72.53,6.17,1876,5472.51,2890.94
-97.11,-9.32,-73.77,5.74,1876,5248.12,4385.2
-95.79,-9.63,-72.16,6.64,1876,5677.82,4652.85
-95.26,-9.13,-72.12,7.29,1876,6556.97,5257.17
-94.93,-9.35,-71.56,7.31,1876,6791.93,5100.84
-94.93,-9.36,-71.55,7.65,1876,6658.08,4826.97
-95.44,-9.4,-72.04,7.42,1876,6544.89,5711.4
-96.07,-9.41,-72.65,6.71,1876,6457.76,4859.56
-96.87,-9.83,-73.04,5.4,1876,6080.13,4340.11
-96.15,-9.42,-72.71,5.78,1876,5512.98,4916.65
-95.28,-9.56,-71.71,7.02,1876,6031.35,4072.35
-95.06,-9.46,-71.59,7.5,1876,6226.02,4878.46
-94.9,-9.28,-71.6,7.58,1876,5910.9,2440.76
-94.66,-9.62,-71.02,7.83,1876,5918.09,3046.36
-95.34,-10.03,-71.29,7,1876,5338.29,2316
-95.77,-9.77,-72,7.01,1876,5104.1,2282.15
-97.34,-9.49,-73.82,5.63,1876,4662.09,1472.53
-97.3,-8.86,-74.36,5.59,1876,3255.09,1745.99
-99.36,-9.49,-75.84,4,1876,4151.23,1696.43
-98.58,-8.97,-75.48,4.83,1876,3605.56,1800.66
-99.26,-9.64,-75.58,4.24,1876,3982.31,1316.01
-97.9,-9.54,-74.32,5.26,1876,3830.7,2621.58
-98.26,-9.79,-74.39,5.35,1876,4220.5,1442.39
-98.43,-8.32,-75.7,4.92,1876,3711.3,1905.02
-97.02,-9.21,-73.45,6.17,1876,4298.6,2123.39
-97.24,-9.43,-73.65,5.66,1876,4651.8,1850.38
-96.08,-9.69,-72.33,5.77,1876,4626.13,2123.42
-96.29,-10.08,-72.2,5.76,1876,4791.14,2556.73
-95.75,-9.99,-71.75,6.3,1876,4775.46,2366.49
-95.68,-9.83,-71.84,6.8,1876,5285.74,2711.21
-95.86,-9.94,-71.9,7.24,1876,4586.45,2623.1
-96.49,-9.55,-72.85,6.81,1876,5356.53,2919.61
-96.78,-9.77,-72.98,6.02,1876,5100.93,2545.22
-97.4,-9.68,-73.72,5.36,1876,4854.34,3048.42
-98.79,-8.99,-75.74,4.78,1876,4415.59,2238.24
-99.38,-8.83,-76.43,3.66,1876,3364.85,2031.91
-99.8,-9.93,-75.86,2.99,1876,3699.32,2320.25
-99.2,-9.51,-75.57,3.74,1876,3773.92,1988.91
-97.28,-8.38,-74.7,4.94,1876,3663.71,2192.46
-95.17,-8.75,-72.18,7.36,1876,4989.97,3072.49
-95.19,-9.43,-71.69,7.29,1876,5844.37,2854.65
-95.67,-9.52,-72.04,6.99,1876,5730.78,3438.82
-96.58,-9.75,-72.79,6.63,1876,6018.56,2885.06
-98.72,-9.75,-74.87,4.63,1876,5030.21,2353.43
-97.34,-8.96,-74.23,6.6,1876,4895.13,2943.51
-93.89,-8.34,-71.52,9.02,1876,5997.46,3335.74
-94.96,-9.25,-71.69,7.16,1876,6310.37,3255.2
-98.04,-9.41,-74.59,5.1,1876,4806.64,1673.21
-98.52,-9.66,-74.81,4.91,1876,4115.11,1484.51
-98.54,-10.39,-74.09,4.26,1876,4117.51,1385.73
-98.15,-9.76,-74.35,5.02,1876,4022.09,1502.3
-96.71,-9.75,-72.92,6.48,1876,4979.77,1961.73
-98.29,-9.79,-74.46,5.99,1876,5941.04,2561.27
-97.58,-9.5,-73.92,6.92,1876,5907.9,3069.54
-97.3,-9.63,-73.64,6.6,1876,6018.02,3219.56
-97.16,-9.24,-73.9,6.42,1876,5411.28,2642.73
-98.02,-9.54,-74.37,6.31,1876,4799.95,2459.75
-93.59,-8.64,-70.6,9.08,1876,5649.36,3744.47
-95.68,-9.59,-72,7.09,1876,7068.72,4765.75
-96.45,-9.2,-73.19,6.65,1876,5567.57,3846.37
-96.37,-9.39,-72.96,6.17,1876,6234.11,4431.2
-95.64,-9.19,-72.45,6.28,1876,6149.48,4535.06
-98.34,-9.59,-74.67,4.96,1876,5093.77,3456.3
-98.91,-9.55,-75.28,4.79,1876,4410.83,2484.04
-99.06,-9.58,-75.42,4.98,1876,5056.16,4436.66
-97.2,-9.27,-73.91,6.31,1876,5489.54,4767.77
-97.49,-9.67,-73.79,6.54,1876,5604.79,5031.63
-99.74,-9.93,-75.75,4.05,1876,5692.99,4725.84
-98.08,-9.07,-74.98,5.21,1876,5648.44,4883.17
-98.05,-9.39,-74.65,5.16,1876,5565.27,4880.11
-98.3,-9.85,-74.35,5.62,1876,5467.92,4780.48
-97.56,-9.39,-74.01,5.86,1876,5495.79,4820.54
-97.77,-8.29,-75.18,5.38,1876,5309.08,4512.11
-98.47,-8.88,-75.47,4.46,1876,5566.32,4434.3
-98.2,-8.61,-75.46,5.12,1876,4871.84,4523.34
-98.68,-9.03,-75.63,4.43,1876,5032.24,4076.32
-98.59,-8.21,-76.36,3.57,1876,4940.08,4315.68
-98.87,-7.87,-76.57,4.06,1876,4596.12,3969.62
-98.18,-7.81,-76.1,4.26,1876,4914,4116.3
-98.49,-8.47,-75.8,4.35,1876,5161.5,4593.55
-98.34,-7.9,-75.97,4.88,1876,5173.29,4248.81
-98.21,-7.9,-76.13,5.54,1876,5412.42,4030.45
-97.98,-9.27,-74.58,5.55,1876,5031.77,4754.16
-98.76,-9.4,-75.15,5.03,1876,5198.03,4689.11
-97.62,-8.91,-74.64,6.08,1876,5453.42,4938.95
-95.99,-8.96,-73.02,7.1,1876,6313.4,5295.64
-98.01,-9.63,-74.38,5.34,1876,6061.53,4527.26
-98.75,-9.64,-75,4.74,1876,5054.31,4548.11
-98.79,-9.89,-74.83,4.88,1876,4866.78,4408.13
-98.54,-9.96,-74.54,4.28,1876,4899.25,4095.56
-98.42,-10.36,-74.04,3.98,1876,4596.1,3649.51
-100.39,-10.2,-76.16,1.65,1876,3160.13,677.04
-98.61,-6.8,-77.76,5.25,1876,2823.28,496.22
-98.8,-6.48,-78.28,5.3,1876,3848.29,507.74
-99.93,-7.05,-78.77,4.31,1876,3435.53,565.43
-97.72,-5.44,-78.24,6.23,1876,3001.63,530.86
-95.38,-5.28,-75.96,8.91,1876,4527.49,530.82
-97.2,-5.96,-77.2,7.06,1876,4668.45,553.92
-98.06,-6.22,-77.71,6.26,1876,3770.35,542.79
-99.16,-7.67,-77.43,4.94,1876,3918.07,1522.86
-98.81,-8.99,-75.73,5.08,1876,4452.35,2239.03
-100.31,-9.13,-76.97,4.48,1876,4285,2238.66
-98.37,-8.91,-75.38,6.75,1876,4633.81,2284.78
-99.48,-9.57,-75.88,5.27,1876,4664.93,2605
-99.03,-9.89,-75.11,5.41,1876,4577.97,2424.29
-100.47,-9.85,-76.58,4.15,1876,4817.98,2793.72
-99.95,-9.68,-76.11,3.47,1876,3979.08,1938.58
-101.61,-10.26,-77.32,3.29,1876,3875.92,1831.15
-100.45,-9.43,-76.98,4.05,1876,3851.77,2145.92
-99.29,-9.63,-75.61,5.05,1876,4852.26,3681.45
-99.35,-10.39,-74.86,4.74,1876,5229.32,4558.31
-98.4,-10.26,-73.99,5.95,1876,5369.73,4082.59
-97.52,-9.67,-73.71,6.29,1876,5241.98,4473.52
-96.1,-9.04,-72.94,7.43,1876,5986.67,5129.58
-94.28,-9.13,-71.09,8.54,1876,8275.39,6754.64
-95.68,-9.6,-72.05,7.54,1876,5460.57,4542.59
-99.39,-10.21,-75.01,4.54,1876,4849.9,3963.04
-102.5,-11.58,-76.73,1.68,1876,3074.93,2691.87
-105.86,-12.62,-79.14,-0.82,1876,2136.58,1800.35
-107.03,-13.57,-79.41,-3.39,1876,1193.46,1003.87
-107.79,-15.22,-78.49,-5.11,1876,724.03,473.11
-110.14,-17.01,-79.01,-7.59,1876,668.65,265.43
-111.8,-18.1,-79.38,-8.01,1876,655.19,92.3
-111.04,-17.69,-78.81,-7.93,1876,599.34,11.54
-111.91,-18.58,-79.04,-8.39,1876,360,0.12
-61.1,-5.13,-38.1,17.71,6400,169.14,0
-59.77,-3.9,-38.85,18.3,6400,144,0.34
-116.29,-20.66,-81.41,-10.47,1876,150,0.19
-98.67,-7.08,-77.54,5.78,1876,265.74,4.63
-94.78,-5.32,-75.36,9.76,1876,132,0
-94.16,-4.69,-75.38,10.47,1876,160,0
-96.01,-5.01,-76.95,8.54,1876,96,0
-93.82,-6.1,-73.68,10.97,1876,334.86,0
-93.97,-5.01,-74.9,10.44,1876,80,7.43
-93.63,-6.31,-73.29,9.97,1876,764.71,63.56
-92.91,-3.46,-75.43,11.33,1876,2345.38,0.89
-94.07,-4.79,-75.25,9.83,1876,302.86,4.46
-93.28,-8.23,-71.02,9.98,1876,4319.33,4381.03
-92.78,-8.69,-69.82,10,1876,7255.36,7002.26
-91.06,-8.78,-68.23,11.68,1876,8014.19,7432.31
-87.55,-8.77,-64.64,15.15,1876,11033.4,12460.38
-83.05,-8.47,-60.36,18.12,1876,12638.23,14017.12
-84.78,-8.43,-62,16.68,1876,17347.69,12510.22
-82.11,-8.46,-59.56,16.35,1876,13226.77,12418.82
-85.69,-8.51,-62.98,15.23,1876,16111.55,11935.41
-88.64,-8.33,-66.12,12.46,1876,9572.21,6996.63
-89.32,-8.56,-66.63,12.82,1876,9307.17,7834.14
-88.46,-8.42,-65.73,13.25,1876,8787.91,9246.94
-92.29,-8.59,-69.52,10.57,1876,9649.42,5954.7
-93.18,-8.94,-70.19,9.11,1876,7197.99,6102.21
-91.34,-8.48,-68.66,10.58,1876,7154.72,6521.09
-92.09,-7.94,-69.87,10.61,1876,6924.56,5833.46
-93.08,-8.72,-70.32,8.23,1876,7550.78,5569.67
-96.39,-9.45,-72.85,5.28,1876,5473.62,3219.87
-96.55,-8.62,-73.67,5.35,1876,3737.65,3065.12
-95.85,-8.54,-73.06,5.95,1876,4375.66,4038.86
-96.67,-8.71,-73.63,4.08,1876,4200.7,3168.42
-91.32,-8.62,-68.68,8.61,1876,4223.55,4400.87
-94.57,-8.9,-71.61,6.58,1876,6179.9,5002.5
-93.51,-8.35,-71.07,8.78,1876,5711.71,5458.88
-93.33,-8.57,-70.64,9.46,1876,6735.38,6595.51
-96.78,-9.03,-73.67,6.52,1876,6660.24,4786.11
-96.38,-8.27,-74.05,6.16,1876,5382.21,4312.34
-93.57,-8.65,-70.83,9.21,1876,5041.37,5540.95
-93.03,-8.88,-70.05,8.74,1876,6814.5,4479.32
-93.73,-8.58,-71.11,7.74,1876,6015.99,4180.64
-91.31,-9.24,-68.04,8.91,1876,5166.08,4475.81
-92.57,-9.06,-69.42,9.11,1876,7277.83,5556.74
-92.33,-9.03,-69.15,8.08,1876,6248.12,3178.6
-90.3,-8.43,-67.77,9.82,1876,5683.57,5374.28
-85.6,-8.08,-63.06,14.75,1876,7232.88,8160.97
-85.47,-8.63,-62.72,13.06,1876,10214.64,8658.14
-85.68,-8.3,-63.16,14.29,1876,9338.3,8155.68
-86.43,-8.4,-63.8,14.2,1876,9517.62,8295.38
-89.71,-8.34,-67.12,12.02,1876,10470.26,8270.37
-94.37,-8.52,-71.61,8.31,1876,7494.29,4956.56
-93.23,-9.28,-69.82,9.46,1876,7113.17,6606.02
-89.62,-8.79,-66.58,13.12,1876,6064.86,7634.86
-85.71,-8.67,-62.94,17.71,1876,12592.85,13030.21
-86.6,-8.39,-64.21,16.72,1876,13853,11286.79
-87.75,-8.19,-65.23,15.42,1876,13055.34,10861.64
-89.56,-8.88,-66.58,14.28,1876,12171,10595.53
-91.42,-8.58,-68.78,12.77,1876,12069.12,9767.99
-94.03,-9.09,-70.88,10.42,1876,10049.28,7559.83
-93.05,-8.73,-70.26,10.96,1876,8379.43,6527.11
-85.99,-8.27,-63.5,17.9,1876,7691.9,9105.48
-84.2,-8.29,-61.77,19.19,1876,12716.23,11143.52
-85.89,-8.33,-63.42,16.5,1876,14660.31,11849.11
-90.92,-8.62,-68.16,10.81,1876,10863.64,6686.67
-92.81,-8.24,-70.08,9.52,1876,7282.75,5648.43
-90.63,-8.77,-67.74,10.55,1876,6080.61,5429.14
-86.58,-8.45,-63.74,13.42,1876,7890.89,8772.97
-90.3,-8.81,-67.22,11.38,1876,10694.57,7137.77
-89.71,-8.74,-66.92,12.28,1876,7962.15,8150.4
-85.64,-8.55,-62.91,15.03,1876,10440.34,7364.58
-90.42,-8.4,-67.69,11.47,1876,7303.67,6453.31
-84.97,-8.48,-62.43,15.69,1876,8904.56,10130.94
-89.49,-8.69,-66.48,12.74,1876,11149.78,7927.28
-89.88,-8.58,-66.98,13.7,1876,8262.98,7552.24
-89.74,-8.54,-66.96,14.56,1876,10554.89,10831.84
-95.58,-8.94,-72.36,8.86,1876,8574.08,5348.24
-98.94,-9.47,-75.33,6.25,1876,5819.58,4138.69
-100.36,-10.31,-75.98,4.65,1876,4489.52,3408.42
-101.5,-9.92,-77.46,4.1,1876,3942.26,3205.89
-100.57,-9.34,-77.09,4.37,1876,3473,2634.45
-98.73,-9.17,-75.41,5.54,1876,3201.89,3664.74
-99.09,-9.8,-75.23,6.09,1876,4588.53,3956.95
-98,-9.68,-74.2,6.74,1876,4495.19,4215.04
-97.78,-9.62,-74.08,7.39,1876,5043.66,2838.58
-100.62,-10.59,-75.99,4.2,1876,5919.95,3469.4
-106.48,-12.55,-79.68,-1.81,1876,2543.32,1153.78
-108.09,-14.18,-79.86,-3.9,1876,949.92,646.24
-109.6,-15.55,-79.9,-5.8,1876,873.54,400.88
-110.52,-16.06,-79.85,-7.81,1876,663.08,196.21
-112.66,-17.68,-80.31,-7.9,1876,673.18,57.7
-111.17,-17.78,-78.98,-7.96,1876,645.62,11.54
-112.27,-17.56,-79.92,-8.67,1876,663.25,11.84
"	","	","	","	","	",189.09,0
-113.49,-16.35,-82.85,-8.24,1876,191,0.15
-111.63,-14.08,-83.28,-6.03,1876,205.76,0
-110.93,-14.37,-82.25,-5.61,1876,112,0
-110.78,-12.37,-84.16,-5.31,1876,407.33,0
-109.7,-13.35,-82.11,-5.75,1876,205.33,1.75
-111.97,-14.04,-83.91,-6.18,1876,196,1.08
-112.18,-12.95,-85.05,-5.94,1876,161,0
-111.56,-17.06,-80.42,-7.11,1876,558,173.04
-110.36,-19.1,-77.22,-8.58,1876,664.72,454.33
-108.56,-17.07,-77.44,-6.51,1876,695.82,795.94
-105.91,-13.84,-78.06,-2.35,1876,1946.15,1673.19
-106.02,-13.13,-78.8,-2.27,1876,1711.78,1247.55
-106.01,-13.27,-78.42,-2.63,1876,1657.73,1258.89
-107.51,-14.08,-79.35,-3.73,1876,1728.55,1027.01
-107.11,-13.61,-79.31,-3.58,1876,1071.42,496.04
-109.34,-15.03,-80,-6.18,1876,713.73,230.99
-108.47,-15.15,-79.2,-4.88,1876,685.94,357.74
-109.16,-15.94,-78.9,-4.98,1876,852.9,253.86
-110.4,-17.03,-79.25,-5.8,1876,678.62,335.62
-110.18,-17.04,-79.11,-5.82,1876,625.18,253.78
-111.28,-18.14,-79.01,-7.13,1876,614.75,220.51
-109.73,-15.92,-79.74,-5.24,1876,619.28,300.03
-109.71,-14.38,-81.19,-4.65,1876,659.81,392.77
-110.02,-16.78,-79.19,-5.55,1876,855.66,623.11
-108.18,-16.06,-78.08,-3.34,1876,832.91,635.01
-110.26,-16.15,-79.92,-4.97,1876,877.39,336.51
-105.42,-13.29,-78.08,-1.88,1876,870.73,600.88
-109.51,-16.08,-79.29,-6.02,1876,1288.22,461.59
-110.23,-16.28,-79.8,-6.28,1876,624.57,220.17
-108.79,-14.94,-79.76,-5.17,1876,837.48,403.76
-106.8,-13.36,-79.38,-2.8,1876,1027.82,832.51
-108.39,-13.89,-80.38,-4.54,1876,1545.96,403.89
-108.32,-14.83,-79.43,-4.04,1876,1368.77,611.61
-107.63,-15.1,-78.48,-2.36,1876,1166.95,462.15
-106.78,-13.89,-78.82,-2.6,1876,1490.33,761.85
-107.46,-14.96,-78.48,-4.09,1876,2012.54,819.65
-107.31,-14.47,-78.79,-2.83,1876,1436.16,704.79
-109.53,-16.18,-79.31,-6.58,1876,1628.7,514.68
-109.83,-16.69,-79.12,-5.73,1876,943.41,369.27
-110.33,-16.54,-79.76,-5.5,1876,775.27,299.95
-111.66,-17.08,-80.52,-7.83,1876,990.41,369.27
-108.03,-14.75,-79.2,-3.15,1876,1181.73,819.36
-109.75,-15.39,-80.29,-4.29,1876,2043.46,450.03
-109.35,-15.76,-79.48,-5.35,1876,794.09,323.12
-103.28,-11.7,-77.55,-0.18,1876,1667.88,1348.2
-103.94,-12.02,-77.86,0.07,1876,2860.96,2414.19
-107.75,-13.71,-79.98,-2.41,1876,2828.32,1216.11
-111.73,-17.35,-80.36,-7.8,1876,1162.13,496.2
-113.59,-19.91,-79.64,-9.47,1876,619.9,288.43
-113.6,-19.36,-79.97,-7.95,1876,593.47,219.24
-113.77,-20.12,-79.59,-9.4,1876,553.52,138.48
-114.01,-20.81,-79.14,-9.17,1876,619.77,161.55
-111.58,-19.24,-78.28,-8.21,1876,600.6,369.23
-113.07,-19.14,-79.82,-8.45,1876,644.58,381.6
-112.53,-19.8,-78.59,-9.29,1876,644.24,426.85
-111.41,-17.21,-80.14,-8.02,1876,615.12,450.04
-110.11,-16.2,-79.84,-6.7,1876,1166.91,732.26
-109.17,-15.67,-79.48,-5.32,1876,929.86,856.9
-109.54,-15.63,-79.88,-5.89,1876,1149.71,672.46
-107.37,-14.32,-78.9,-4.79,1876,1226.89,1177.93
-105.75,-13.23,-78.48,-2.16,1876,1742.29,1707.84
-106.05,-12.96,-79,-1.61,1876,2128.37,1477.03
-102.53,-11.42,-77.05,1.47,1876,1867.21,1454.03
-94.13,-9.24,-70.85,10.35,1876,5654.8,4759.93
-102.56,-11.32,-77.17,1.86,1876,6475.65,1234.34
-100.19,-10.96,-75.19,3.56,1876,2718.33,1984.69
-104.31,-12.25,-78.02,0.22,1876,3103.73,1811.83
-98.6,-10.43,-74.16,6.18,1876,4683.26,4551.87
-92.95,-9.34,-69.58,9.92,1876,5527.1,6436.39
-89.7,-9.06,-66.63,11.69,1876,9380.68,8130.59
-93.35,-9.61,-69.69,9.75,1876,10106.65,8076.74
-95.49,-9.93,-71.55,9.04,1876,7980.13,6029.52
-97.41,-10.02,-73.36,7.37,1876,6197.04,5663.32
-97.59,-9.67,-73.88,5.94,1876,5445.6,4847.54
-98.13,-10.63,-73.43,5.46,1876,6201.56,4107.08
-101.56,-11.24,-76.31,1.6,1876,5420.46,3679.72
-100.02,-10.86,-75.15,4.76,1876,3489.5,3510.56
-101.33,-10.66,-76.66,2.68,1876,4568.21,3083.97
-101.6,-11.12,-76.45,1.83,1876,4457.25,2252.6
-100.44,-10.97,-75.42,1.6,1876,3395.35,2192.19
-98.29,-9.88,-74.35,3.87,1876,4021.09,4434.28
-101.66,-11.11,-76.43,1.36,1876,5105.19,3457.83
-100.64,-10.9,-75.68,2.44,1876,3126.52,1938.55
-100.78,-10.73,-76.02,2.7,1876,2656.3,2719.21
-100.87,-11.15,-75.67,2.9,1876,3738.66,3404.09
-107.4,-12.41,-80.92,-3.24,1876,3396.7,1415.07
-107.2,-11.67,-81.51,-3.73,1876,1458.76,900.05
-107.81,-12.17,-81.62,-4.26,1876,1688.74,1234.71
-109.48,-12.89,-82.49,-4.29,1876,1279.41,992.36
-110.23,-14.78,-81.36,-5.52,1876,954.78,715.43
-110.65,-13.78,-82.67,-5.88,1876,1004.41,865.26
-109.91,-13.21,-82.38,-5.03,1876,1032.11,853.96
-109.07,-12.01,-82.78,-3.81,1876,1335.71,1654.02
-110.32,-14.15,-82.06,-7.03,1876,1911.36,669.9
-109.28,-16.4,-78.81,-9.04,1876,1138.03,819.29
-109.85,-17.14,-78.65,-8.74,1876,763.08,519.16
-109.05,-15.24,-79.61,-7.86,1876,817.5,402.3
-111.25,-19.03,-78.22,-9.41,1876,916.23,672.87
-111.78,-17.43,-80.33,-8.51,1876,731.3,285.84
-107.9,-10.57,-83.33,-2.68,1876,576.47,0
-109.13,-12.16,-82.92,-6.92,1876,187.11,1.73
-110.36,-13.81,-82.48,-8.25,1876,124,0
-112.19,-14.71,-82.75,-9.14,1876,229.33,42.12
-116.48,-18.22,-83.67,-8.21,1876,448,2.49
-109.7,-13.09,-82.48,-3.88,1876,163.69,0
-110.4,-12.43,-83.65,-7.74,1876,161.14,2.31
-108.69,-13,-81.65,-7.32,1876,177.41,4.09
-108.88,-15.02,-79.71,-8.31,1876,312,36.24
-107.82,-15.23,-78.44,-8.54,1876,1152.44,519.15
-107.84,-15.45,-78.3,-7.5,1876,1024.67,496.2
-107.83,-15.19,-78.55,-7.55,1876,1156.89,380.79
-112.16,-18.15,-79.32,-9.9,1876,736.66,207.71
-110.02,-18.06,-77.73,-8.95,1876,1178.5,472.94
-111.6,-18.74,-78.36,-9.75,1876,1033.87,530.79
-110.74,-16.82,-79.58,-7.59,1876,727.01,507.57
-106.5,-10.66,-81.67,-1.91,1876,863.59,19.36
-106.65,-12.85,-79.55,-4.26,1876,885.33,334.53
-104.98,-12.81,-78,-3.09,1876,1474.8,1269.48
-106.57,-12.47,-79.79,-3.09,1876,1345.58,1015.24
-105.61,-11.48,-79.79,-1.9,1876,1757.04,1546.22
-103.52,-10.39,-78.97,0.59,1876,2149.8,1815.35
-100.83,-9.49,-77.13,2.81,1876,2621.49,2561.79
-96.73,-9.13,-73.38,7.22,1876,3762.1,4522.11
-93.12,-8.68,-70.38,9.62,1876,7221.35,6373.09
-93.69,-8.78,-70.82,9.63,1876,8252.44,7031.29
-92.58,-8.65,-69.82,10.71,1876,8708.22,7330.07
-93.74,-8.8,-70.76,9.03,1876,7389.97,6553.15
-94.22,-8.49,-71.56,8.74,1876,7252.86,6009.96
-92.71,-8.69,-69.82,9.78,1876,6553.3,6272.35
-91,-8.63,-68.16,10.75,1876,7827.9,7581.1
-85.58,-8.56,-62.82,15.95,1876,12506.68,11275.44
-84.51,-8.3,-61.89,16.05,1876,10653.01,10458.11
-80.27,-7.87,-58.23,18.88,1876,12916.46,12181.54
-78,-8.21,-55.54,19.94,1876,14391.36,12932.66
-81.31,-8.15,-58.86,16.11,1876,12093.55,11780.54
-83.41,-8.35,-60.92,17.13,1876,15041.8,10403.86
-73.24,-8.45,-50.33,23.25,1876,13309.72,14309.48
-82.56,-8.01,-60.02,17.61,1876,15174.86,9412
-84.59,-8.57,-61.82,15.77,1876,12199.99,10274.27
-81.87,-8.19,-59.48,16.99,1876,10445.82,10407.1
-87.8,-8.21,-65.41,13.28,1876,11762.07,8281.4
-82.59,-8.06,-60.48,17.29,1876,9979.39,11103.57
-84.44,-7.99,-62.41,16.35,1876,13057.5,10092.35
-87.9,-8.39,-65.02,13.7,1876,9891.38,8659.73
-90.32,-8.21,-67.58,11.9,1876,9473.43,5815.7
-91.27,-8.63,-68.39,11.58,1876,7143.44,4621.76
-90.36,-8.46,-67.58,11.55,1876,8472.91,7925.36
-91,-8.48,-68.42,11.23,1876,9220.57,7111.66
-92.7,-8.56,-70.03,9.78,1876,6948.16,5705.46
-94.5,-8.73,-71.65,7.14,1876,5726,4161.9
-96.78,-8.29,-74.27,5.71,1876,4362.06,3481.69
-96.45,-8.51,-73.61,6.26,1876,4013.65,3295.3
-95.41,-9.45,-71.74,3.55,1876,3859.87,2791.64
-96.5,-9.08,-73.15,5.9,1876,3710.41,3438.9
-94.76,-8.49,-71.85,6.93,1876,5020.79,2953.88
-96.8,-8.61,-73.78,6.75,1876,4421.51,3890.56
-96.46,-8.86,-73.46,6.04,1876,5221.44,4607.91
-95.66,-8.88,-72.63,5.53,1876,5300.29,4378.38
-94.45,-8.04,-72.07,7.14,1876,4936.67,4315.33
-95.67,-7.97,-73.52,6.96,1876,5068.95,4350.42
-90.31,-8.33,-67.85,10.44,1876,6271.61,5740.73
-90.14,-8.83,-67.16,8.44,1876,7582.23,6443.71
-89.36,-8.87,-66.27,12.45,1876,7705.37,6861.78
-90.42,-9.01,-67.27,10.36,1876,9885.19,8115.69
-89.38,-8.46,-66.71,12.97,1876,9040.84,7940.79
-89.65,-8.18,-66.82,11.91,1876,9689.84,7855.55
-91.53,-8.42,-69.07,8.7,1876,6384.22,5194.67
-93.73,-9.63,-69.91,7.33,1876,8893.63,6771.6
-90.59,-8.69,-67.82,8.96,1876,6016.37,5633.57
-94.4,-9.95,-70.32,4.31,1876,5618.6,2980.81
-91.55,-9.23,-68.25,5.92,1876,4322.28,4258.06
-92.95,-10.09,-68.64,4.02,1876,5295.75,4016.59
-90.22,-8.4,-67.68,6.57,1876,4043.78,4066.71
-92.51,-8.77,-69.56,7.66,1876,5334.05,5130.03
-89.14,-8.81,-66.2,9.58,1876,7281.5,6826.18
-86.5,-8.16,-64.3,12.53,1876,9305.98,8665.04
-88.61,-7.55,-66.99,10.34,1876,8751.74,7535.34
-87.58,-7.84,-65.57,12.32,1876,9735.93,8957.28
-86.86,-8.23,-64.61,10.76,1876,10385.28,8787.56
-88.38,-7.14,-67.16,8.82,1876,8986.71,7741.37
-90.22,-7.05,-68.75,9.27,1876,6717.08,5403.23
-89.49,-6.66,-68.71,8.5,1876,6154.53,5639.99
-90.1,-8.01,-68.02,8.74,1876,6853.54,6018.14
-88.86,-8.07,-66.75,9.62,1876,5784.88,4825.46
-91.9,-8.85,-68.99,8.51,1876,6597.08,4772.46
-93,-7.92,-71.02,7.74,1876,5384.29,4273
-91.29,-8.65,-68.55,10.19,1876,4926.51,4329.48
-92.21,-8.13,-69.94,9.32,1876,6535.88,6751.57
-90.43,-8.08,-68.11,10.15,1876,8620.58,7607.38
-90.3,-8.5,-67.68,10.06,1876,9449.07,7903.95
-89.1,-7.87,-67.21,10.04,1876,9175.63,8373.12
-90.53,-7.96,-68.2,10.13,1876,7199.62,6616.7
-91.82,-7.45,-70.28,9.18,1876,8309.95,5993.65
-92.23,-8.12,-70.05,8.09,1876,4904.72,3784.91
-90.49,-8.17,-68.15,10.66,1876,4869.48,4060.57
-91.35,-8.57,-68.48,9.84,1876,5518.53,5047.47
-85.82,-8.3,-63.14,14.48,1876,7299.17,6318.15
-89.3,-8.57,-66.59,12.15,1876,6161.62,4855.12
-90.5,-8.4,-67.98,10.82,1876,7183.76,6021.56
-88.68,-7.28,-67.08,12.07,1876,6970.14,6117.63
-91.22,-7.62,-69.48,8.68,1876,7470.8,5167.75
-92.61,-7.69,-70.51,8.21,1876,6308.8,6076.8
-90.52,-7.93,-68.48,10,1876,6390.45,6118.06
-91.19,-7.9,-69.21,8.63,1876,8087.44,7166.77
-85.15,-7.79,-63.32,13.23,1876,8523.52,7841.48
-84.02,-8.13,-61.78,13.76,1876,9161.05,8951.63
-87.8,-7.2,-66.37,12.33,1876,9904.65,8382.09
-91.01,-8.62,-68.21,10.14,1876,9154.17,7262.27
-92.58,-8.29,-70.25,7.96,1876,6331.26,5291.12
-92.86,-7.61,-71.2,8.38,1876,6874.24,5881.14
-93.41,-8.16,-70.88,7.89,1876,6341.95,6013.84
-94.72,-8.54,-71.89,7.92,1876,7896.06,6153.29
-95.72,-8.63,-73.03,6.72,1876,5364.8,5001.14
-95.68,-8.47,-73.18,7.24,1876,5589.51,4887.56
-95.56,-8.25,-73.24,7.49,1876,6493.17,5911.81
-91.35,-8.54,-68.5,10.6,1876,6914.75,6554.31
-90.82,-8.56,-68.16,11.58,1876,9059.86,7351.96
-89.34,-8.43,-66.48,12.99,1876,8236.08,7934.67
-84.99,-8.43,-62.39,17.21,1876,10881.81,10545.56
-83.16,-8.39,-60.68,18.78,1876,12842.88,10572.02
-85.29,-8.52,-62.62,17.11,1876,11414.05,10142.51
-92.2,-8.77,-69.33,10.53,1876,9404.43,7094.32
-88.99,-8.52,-66.35,12.93,1876,7967.23,8028.03
-88.85,-8.58,-66.07,12.55,1876,11467.25,10112.26
-89.37,-8.36,-66.89,12.48,1876,9798.78,9315.39
-87.59,-8.71,-64.62,15.38,1876,11871.4,10615.85
-88.45,-8.68,-65.72,12.89,1876,11555.12,9681.29
-86.26,-8.51,-63.6,15.49,1876,11955.52,11065.62
-86.98,-8.3,-64.56,14.44,1876,12376.91,8719.91
-89.12,-8.47,-66.44,12.69,1876,9190.14,8013.81
-88.32,-8.52,-65.7,12.23,1876,9106.69,8561.74
-85.15,-8.51,-62.44,16.27,1876,10605.16,9793.76
-87.29,-8.4,-64.84,14.93,1876,11868.53,9550.07
-88.76,-8.6,-65.91,13.32,1876,11713.84,10463.21
-90.57,-8.46,-68.05,12.86,1876,9696.09,7702.16
-88.83,-8.75,-65.95,13.84,1876,10643.63,9435.41
-90.67,-8.49,-68.06,11.13,1876,8489.62,5676.51
-83.8,-8.1,-61.64,16.95,1876,7087.83,8187.76
