RSRP,RSRQ,RSSI,PCC_PHY_Thruput_DL,PDCP_Thruput_DL
-67.84,-9.42,-44.21,10241.18,7219.21
-67.84,-9.42,-44.21,10241.18,7219.21
-68.42,-9.56,-44.75,8867.63,8603.29
-68.42,-9.56,-44.75,8867.63,8603.29
-67.37,-9.47,-43.8,10010.5,8753.86
-67.37,-9.47,-43.8,10010.5,8753.86
-71.01,-9.91,-46.76,9304.56,6277.52
-71.01,-9.91,-46.76,9304.56,6277.52
-70.0,-9.03,-46.66,6873.0,5750.22
-70.0,-9.03,-46.66,6873.0,5750.22
-72.2,-9.5,-48.24,6475.89,4833.91
-72.2,-9.5,-48.24,6475.89,4833.91
-71.45,-9.73,-47.36,4895.5,3355.23
-71.45,-9.73,-47.36,4895.5,3355.23
-71.7,-9.16,-48.08,5436.9,5265.36
-71.7,-9.16,-48.08,5436.9,5265.36
-70.68,-9.13,-47.28,8042.96,6351.04
-70.68,-9.13,-47.28,8042.96,6351.04
-70.69,-9.26,-47.06,7137.6,2757.47
-70.69,-9.26,-47.06,7137.6,2757.47
-71.07,-9.08,-47.61,7403.85,6253.09
-71.07,-9.08,-47.61,7403.85,6253.09
-71.11,-9.37,-47.28,9118.66,7602.11
-71.11,-9.37,-47.28,9118.66,7602.11
-70.88,-9.04,-47.47,9429.4,8083.08
-70.88,-9.04,-47.47,9429.4,8083.08
-71.01,-9.38,-47.48,9617.6,5841.28
-71.01,-9.38,-47.48,9617.6,5841.28
-69.48,-9.16,-46.11,7679.36,4449.29
-69.48,-9.16,-46.11,7679.36,4449.29
-70.6,-9.5,-46.91,7615.53,4008.7
-70.6,-9.5,-46.91,7615.53,4008.7
-73.07,-9.77,-48.97,7517.56,3182.41
-73.07,-9.77,-48.97,7517.56,3182.41
-72.2,-9.1,-48.68,8259.77,5615.06
-72.2,-9.1,-48.68,8259.77,5615.06
-70.06,-9.29,-46.6,8234.84,6936.35
-70.06,-9.29,-46.6,8234.84,6936.35
-70.98,-9.26,-47.59,8333.51,6710.47
-70.98,-9.26,-47.59,8333.51,6710.47
-72.31,-9.77,-48.34,7613.15,6468.65
-72.31,-9.77,-48.34,7613.15,6468.65
-71.38,-9.39,-47.81,9452.97,7790.16
-71.38,-9.39,-47.81,9452.97,7790.16
-71.77,-9.57,-48.0,8289.79,6756.64
-71.77,-9.57,-48.0,8289.79,6756.64
-72.98,-9.69,-48.91,7980.69,6856.12
-72.98,-9.69,-48.91,7980.69,6856.12
-73.68,-9.98,-49.5,8377.48,6875.14
-73.68,-9.98,-49.5,8377.48,6875.14
-73.5,-10.27,-49.08,8606.7,6482.84
-73.5,-10.27,-49.08,8606.7,6482.84
-72.3,-9.8,-48.33,7635.12,5840.06
-72.3,-9.8,-48.33,7635.12,5840.06
-72.56,-9.64,-48.66,8862.96,7025.01
-72.56,-9.64,-48.66,8862.96,7025.01
-71.88,-9.79,-47.83,8852.2,6111.94
-71.88,-9.79,-47.83,8852.2,6111.94
-71.56,-9.36,-48.1,7486.33,6141.63
-71.56,-9.36,-48.1,7486.33,6141.63
-72.21,-9.41,-48.44,8029.75,7492.08
-72.21,-9.41,-48.44,8029.75,7492.08
-71.31,-9.42,-47.82,8350.67,6792.01
-71.31,-9.42,-47.82,8350.67,6792.01
-70.84,-9.51,-47.12,8599.58,7483.61
-70.84,-9.51,-47.12,8599.58,7483.61
-71.57,-9.71,-47.68,8535.41,5493.51
-71.57,-9.71,-47.68,8535.41,5493.51
-70.62,-9.66,-46.81,9073.96,7570.55
-70.62,-9.66,-46.81,9073.96,7570.55
-71.76,-9.37,-48.22,9268.88,7640.28
-71.76,-9.37,-48.22,9268.88,7640.28
-70.33,-9.17,-47.02,8633.52,7682.67
-70.33,-9.17,-47.02,8633.52,7682.67
-70.0,-9.31,-46.57,9576.72,8286.52
-70.0,-9.31,-46.57,9576.72,8286.52
-67.27,-9.52,-43.7,11018.8,8780.49
-67.27,-9.52,-43.7,11018.8,8780.49
-70.28,-9.07,-46.93,10599.6,7615.6
-70.28,-9.07,-46.93,10599.6,7615.6
-70.36,-9.37,-46.84,8784.23,8465.16
-70.36,-9.37,-46.84,8784.23,8465.16
-70.47,-9.48,-46.87,9777.21,8121.25
-70.47,-9.48,-46.87,9777.21,8121.25
-70.6,-9.07,-47.34,9205.78,7749.56
-70.6,-9.07,-47.34,9205.78,7749.56
-72.38,-9.85,-48.33,8962.85,5424.65
-72.38,-9.85,-48.33,8962.85,5424.65
-71.94,-9.66,-47.99,6683.3,3557.14
-71.94,-9.66,-47.99,6683.3,3557.14
-75.91,-11.28,-50.39,5895.45,3987.58
-75.91,-11.28,-50.39,5895.45,3987.58
-76.81,-11.88,-50.76,4739.19,2404.72
-76.81,-11.88,-50.76,4739.19,2404.72
-76.86,-12.13,-50.59,3807.16,1622.46
-76.86,-12.13,-50.59,3807.16,1622.46
-78.27,-11.67,-52.43,4650.23,1730.94
-78.27,-11.67,-52.43,4650.23,1730.94
-79.5,-12.01,-53.31,3623.88,1269.36
-79.5,-12.01,-53.31,3623.88,1269.36
-79.86,-11.48,-54.23,3080.07,2535.28
-79.86,-11.48,-54.23,3080.07,2535.28
-80.49,-11.47,-54.9,3325.16,2673.87
-80.49,-11.47,-54.9,3325.16,2673.87
-78.78,-11.57,-53.13,3442.96,3172.76
-78.78,-11.57,-53.13,3442.96,3172.76
-79.11,-11.83,-52.96,4429.17,4212.17
-79.11,-11.83,-52.96,4429.17,4212.17
-76.47,-11.0,-51.21,7040.66,5028.44
-76.47,-11.0,-51.21,7040.66,5028.44
-76.15,-10.4,-51.48,5730.69,4852.47
-76.15,-10.4,-51.48,5730.69,4852.47
-74.82,-10.0,-50.47,7956.45,4744.8
-74.82,-10.0,-50.47,7956.45,4744.8
-75.54,-10.28,-51.19,6385.82,4725.88
-75.54,-10.28,-51.19,6385.82,4725.88
-78.72,-11.46,-53.02,3908.17,2653.62
-78.72,-11.46,-53.02,3908.17,2653.62
-74.78,-10.84,-49.51,2859.04,1239.84
-74.78,-10.84,-49.51,2859.04,1239.84
-74.69,-10.63,-49.65,4638.51,3381.61
-74.69,-10.63,-49.65,4638.51,3381.61
-73.83,-9.56,-49.97,4593.03,5775.73
-73.83,-9.56,-49.97,4593.03,5775.73
-75.65,-11.49,-49.8,6859.25,3473.25
-75.65,-11.49,-49.8,6859.25,3473.25
-71.1,-6.12,-50.03,1689.84,209.99
-71.1,-6.12,-50.03,1689.84,209.99
-75.06,-13.61,-46.67,555.15,3.71
-75.06,-13.61,-46.67,555.15,3.71
-74.29,-10.38,-49.39,175.8,1.6
-74.29,-10.38,-49.39,175.8,1.6
-75.59,-10.96,-49.49,183.67,0.98
-75.59,-10.96,-49.49,183.67,0.98
-75.29,-10.55,-49.99,224.0,1.85
-75.29,-10.55,-49.99,224.0,1.85
-70.43,-5.21,-50.62,2481.29,426.93
-70.43,-5.21,-50.62,2481.29,426.93
-69.54,-8.47,-46.59,5810.86,4175.93
-69.54,-8.47,-46.59,5810.86,4175.93
-71.84,-8.99,-47.78,3158.39,2377.29
-71.84,-8.99,-47.78,3158.39,2377.29
-75.36,-10.08,-50.53,2572.23,2100.34
-75.36,-10.08,-50.53,2572.23,2100.34
-77.87,-10.23,-53.59,4101.64,2956.92
-77.87,-10.23,-53.59,4101.64,2956.92
-75.47,-9.81,-51.16,1272.61,1914.45
-75.47,-9.81,-51.16,1272.61,1914.45
-72.48,-8.94,-49.28,6394.75,4984.29
-72.48,-8.94,-49.28,6394.75,4984.29
-75.4,-8.88,-52.41,8110.57,5381.33
-75.4,-8.88,-52.41,8110.57,5381.33
-65.93,-8.34,-43.51,7552.95,12265.55
-65.93,-8.34,-43.51,7552.95,12265.55
-68.85,-8.49,-46.21,16705.42,10476.05
-68.85,-8.49,-46.21,16705.42,10476.05
-69.08,-8.64,-46.26,9920.58,10532.91
-69.08,-8.64,-46.26,9920.58,10532.91
-68.52,-8.38,-46.1,10191.56,10327.17
-68.52,-8.38,-46.1,10191.56,10327.17
-71.67,-8.34,-49.02,13092.93,9462.43
-71.67,-8.34,-49.02,13092.93,9462.43
-75.06,-8.59,-52.39,9483.85,7731.28
-75.06,-8.59,-52.39,9483.85,7731.28
-73.05,-8.85,-49.81,8788.13,8962.42
-73.05,-8.85,-49.81,8788.13,8962.42
-73.13,-8.72,-50.27,10142.78,9499.1
-73.13,-8.72,-50.27,10142.78,9499.1
-70.68,-8.17,-47.96,11887.01,10234.27
-70.68,-8.17,-47.96,11887.01,10234.27
-70.45,-8.62,-47.37,10745.22,9634.62
-70.45,-8.62,-47.37,10745.22,9634.62
-71.8,-8.87,-48.72,10007.33,8064.24
-71.8,-8.87,-48.72,10007.33,8064.24
-71.32,-9.41,-47.76,7037.32,6270.14
-71.32,-9.41,-47.76,7037.32,6270.14
-72.72,-10.19,-48.49,7592.18,4868.86
-72.72,-10.19,-48.49,7592.18,4868.86
-70.97,-9.6,-47.35,5364.04,5120.66
-70.97,-9.6,-47.35,5364.04,5120.66
-71.8,-9.83,-47.96,5168.81,4016.22
-71.8,-9.83,-47.96,5168.81,4016.22
-70.75,-9.72,-47.02,4754.72,4030.55
-70.75,-9.72,-47.02,4754.72,4030.55
-69.95,-9.39,-46.56,5275.36,2903.69
-69.95,-9.39,-46.56,5275.36,2903.69
-70.63,-9.44,-47.18,5368.0,2965.77
-70.63,-9.44,-47.18,5368.0,2965.77
-70.69,-9.16,-47.52,5877.74,5070.56
-70.69,-9.16,-47.52,5877.74,5070.56
-70.54,-9.44,-47.08,6318.21,5308.81
-70.54,-9.44,-47.08,6318.21,5308.81
-71.25,-9.55,-47.7,5189.73,4160.66
-71.25,-9.55,-47.7,5189.73,4160.66
-71.26,-9.41,-47.83,5504.82,3620.64
-71.26,-9.41,-47.83,5504.82,3620.64
-71.79,-9.35,-48.43,5583.98,2611.18
-71.79,-9.35,-48.43,5583.98,2611.18
-72.76,-9.51,-49.25,4007.43,1862.59
-72.76,-9.51,-49.25,4007.43,1862.59
-71.45,-9.62,-47.82,4946.61,2573.11
-71.45,-9.62,-47.82,4946.61,2573.11
-72.6,-9.59,-49.0,4659.01,2296.6
-72.6,-9.59,-49.0,4659.01,2296.6
-71.79,-9.41,-48.36,5285.38,2680.82
-71.79,-9.41,-48.36,5285.38,2680.82
-71.37,-9.31,-48.05,5583.3,2746.5
-71.37,-9.31,-48.05,5583.3,2746.5
-71.54,-9.28,-48.25,5800.5,5243.95
-71.54,-9.28,-48.25,5800.5,5243.95
-71.74,-9.53,-48.2,5595.74,4488.56
-71.74,-9.53,-48.2,5595.74,4488.56
-70.84,-9.75,-47.08,5013.09,3554.4
-70.84,-9.75,-47.08,5013.09,3554.4
-72.2,-9.79,-48.38,4141.42,3346.33
-72.2,-9.79,-48.38,4141.42,3346.33
-71.36,-9.68,-47.67,4197.94,3996.39
-71.36,-9.68,-47.67,4197.94,3996.39
-72.96,-9.62,-49.27,4888.19,3820.36
-72.96,-9.62,-49.27,4888.19,3820.36
-70.94,-9.45,-47.47,5262.03,4551.59
-70.94,-9.45,-47.47,5262.03,4551.59
-72.09,-9.63,-48.44,4459.34,3498.91
-72.09,-9.63,-48.44,4459.34,3498.91
-72.17,-9.72,-48.44,5083.8,4327.47
-72.17,-9.72,-48.44,5083.8,4327.47
-73.11,-10.65,-48.03,3441.13,2891.15
-73.11,-10.65,-48.03,3441.13,2891.15
-75.66,-10.42,-50.76,2922.63,1999.93
-75.66,-10.42,-50.76,2922.63,1999.93
-73.61,-10.41,-49.15,2433.28,2516.61
-73.61,-10.41,-49.15,2433.28,2516.61
-72.29,-10.62,-47.64,4160.78,3656.81
-72.29,-10.62,-47.64,4160.78,3656.81
-71.66,-10.51,-46.95,4577.81,4107.05
-71.66,-10.51,-46.95,4577.81,4107.05
-72.25,-9.7,-48.45,4526.85,3724.99
-72.25,-9.7,-48.45,4526.85,3724.99
-72.53,-9.23,-48.81,6891.0,5820.54
-72.53,-9.23,-48.81,6891.0,5820.54
-74.64,-9.56,-50.84,3767.97,3143.05
-74.64,-9.56,-50.84,3767.97,3143.05
-74.28,-11.62,-48.64,2615.55,2011.48
-74.28,-11.62,-48.64,2615.55,2011.48
-74.38,-10.47,-49.82,3511.14,2000.3
-74.38,-10.47,-49.82,3511.14,2000.3
-75.0,-9.6,-51.39,3087.04,2882.93
-75.0,-9.6,-51.39,3087.04,2882.93
-71.44,-9.31,-48.12,6305.56,4976.96
-71.44,-9.31,-48.12,6305.56,4976.96
-71.63,-9.41,-48.21,5221.96,4828.77
-71.63,-9.41,-48.21,5221.96,4828.77
-71.61,-9.63,-47.96,5427.79,4553.85
-71.61,-9.63,-47.96,5427.79,4553.85
-72.02,-9.79,-48.21,4258.29,3889.55
-72.02,-9.79,-48.21,4258.29,3889.55
-72.62,-9.65,-48.97,4263.06,3820.48
-72.62,-9.65,-48.97,4263.06,3820.48
-72.58,-9.42,-49.15,4561.31,3715.21
-72.58,-9.42,-49.15,4561.31,3715.21
-73.58,-9.64,-49.92,5227.0,4410.12
-73.58,-9.64,-49.92,5227.0,4410.12
-73.9,-9.83,-50.05,3299.99,2864.45
-73.9,-9.83,-50.05,3299.99,2864.45
-72.3,-9.25,-49.03,4843.83,4050.2
-72.3,-9.25,-49.03,4843.83,4050.2
-72.08,-9.35,-48.71,4791.28,4231.91
-72.08,-9.35,-48.71,4791.28,4231.91
-72.88,-9.41,-49.45,5068.12,4269.43
-72.88,-9.41,-49.45,5068.12,4269.43
-72.13,-9.51,-48.6,4829.49,4431.4
-72.13,-9.51,-48.6,4829.49,4431.4
-71.92,-9.05,-48.85,4912.37,4374.93
-71.92,-9.05,-48.85,4912.37,4374.93
-71.06,-9.44,-47.6,5408.55,4621.74
-71.06,-9.44,-47.6,5408.55,4621.74
-72.28,-9.49,-48.78,4632.33,3796.62
-72.28,-9.49,-48.78,4632.33,3796.62
-72.59,-9.45,-49.14,3910.8,3385.15
-72.59,-9.45,-49.14,3910.8,3385.15
-73.71,-9.99,-49.61,4649.18,3925.94
-73.71,-9.99,-49.61,4649.18,3925.94
-74.7,-9.44,-51.1,2955.81,2290.56
-74.7,-9.44,-51.1,2955.81,2290.56
-72.63,-9.48,-49.01,8096.88,5909.33
-72.63,-9.48,-49.01,8096.88,5909.33
-73.71,-11.45,-48.15,5828.5,1034.59
-73.71,-11.45,-48.15,5828.5,1034.59
-72.58,-10.39,-47.92,3724.4,3026.32
-72.58,-10.39,-47.92,3724.4,3026.32
-73.06,-10.04,-48.91,3668.42,2991.43
-73.06,-10.04,-48.91,3668.42,2991.43
-72.73,-9.71,-48.98,7733.16,7968.08
-72.73,-9.71,-48.98,7733.16,7968.08
-73.71,-9.66,-49.98,8134.53,7448.03
-73.71,-9.66,-49.98,8134.53,7448.03
-70.75,-9.75,-46.9,8445.45,7454.79
-70.75,-9.75,-46.9,8445.45,7454.79
-71.27,-8.88,-47.91,9242.79,8132.0
-71.27,-8.88,-47.91,9242.79,8132.0
-71.79,-9.64,-48.1,8439.96,6359.2
-71.79,-9.64,-48.1,8439.96,6359.2
-73.35,-9.83,-49.37,5987.61,5863.18
-73.35,-9.83,-49.37,5987.61,5863.18
-71.76,-9.48,-47.88,7677.8,7170.09
-71.76,-9.48,-47.88,7677.8,7170.09
-73.19,-9.55,-49.6,6556.62,6532.28
-73.19,-9.55,-49.6,6556.62,6532.28
-73.69,-10.02,-49.62,9728.58,8396.46
-73.69,-10.02,-49.62,9728.58,8396.46
-73.3,-10.87,-48.34,7614.04,6458.2
-73.3,-10.87,-48.34,7614.04,6458.2
-72.66,-9.56,-48.81,8122.32,7259.44
-72.66,-9.56,-48.81,8122.32,7259.44
-73.57,-9.94,-49.51,6849.75,5379.3
-73.57,-9.94,-49.51,6849.75,5379.3
-72.63,-9.63,-48.64,6180.2,5668.54
-72.63,-9.63,-48.64,6180.2,5668.54
-72.21,-9.0,-48.84,8838.43,9487.08
-72.21,-9.0,-48.84,8838.43,9487.08
-71.52,-9.58,-47.63,9844.8,7230.96
-71.52,-9.58,-47.63,9844.8,7230.96
-70.37,-8.71,-47.47,8323.0,7742.42
-70.37,-8.71,-47.47,8323.0,7742.42
-68.83,-8.53,-46.0,8156.99,6819.75
-68.83,-8.53,-46.0,8156.99,6819.75
-70.33,-8.3,-47.78,6901.34,6230.47
-70.33,-8.3,-47.78,6901.34,6230.47
-72.56,-8.93,-49.41,7585.71,6283.94
-72.56,-8.93,-49.41,7585.71,6283.94
-70.19,-8.57,-47.16,7889.44,6832.75
-70.19,-8.57,-47.16,7889.44,6832.75
-70.33,-8.52,-47.4,7405.34,3500.43
-70.33,-8.52,-47.4,7405.34,3500.43
-76.0,-14.65,-47.15,4136.12,708.87
-76.0,-14.65,-47.15,4136.12,708.87
-73.06,-9.03,-49.68,768.08,428.39
-73.06,-9.03,-49.68,768.08,428.39
-70.67,-4.38,-51.37,3958.7,611.78
-70.67,-4.38,-51.37,3958.7,611.78
-72.99,-6.22,-52.32,4709.94,553.9
-72.99,-6.22,-52.32,4709.94,553.9
-71.35,-6.61,-50.22,3865.0,2612.23
-71.35,-6.61,-50.22,3865.0,2612.23
-70.61,-7.96,-48.28,8305.8,8939.87
-70.61,-7.96,-48.28,8305.8,8939.87
-75.53,-9.77,-51.68,9515.88,3714.74
-75.53,-9.77,-51.68,9515.88,3714.74
-71.75,-8.89,-48.5,3975.11,6266.07
-71.75,-8.89,-48.5,3975.11,6266.07
-72.73,-9.76,-48.7,7352.93,6325.03
-72.73,-9.76,-48.7,7352.93,6325.03
-70.71,-9.24,-47.36,7526.06,7292.17
-70.71,-9.24,-47.36,7526.06,7292.17
-68.93,-8.49,-46.02,7935.94,4420.17
-68.93,-8.49,-46.02,7935.94,4420.17
-65.79,-7.71,-43.74,5947.66,8817.93
-65.79,-7.71,-43.74,5947.66,8817.93
-71.0,-8.46,-48.42,11382.71,10055.18
-71.0,-8.46,-48.42,11382.71,10055.18
-71.73,-9.02,-48.45,9464.31,9299.72
-71.73,-9.02,-48.45,9464.31,9299.72
-70.38,-8.42,-47.56,11045.99,9962.64
-70.38,-8.42,-47.56,11045.99,9962.64
-72.52,-8.7,-49.69,10473.01,6494.7
-72.52,-8.7,-49.69,10473.01,6494.7
-73.12,-8.62,-50.41,6840.36,6896.59
-73.12,-8.62,-50.41,6840.36,6896.59
-72.12,-8.71,-49.31,8283.34,6314.15
-72.12,-8.71,-49.31,8283.34,6314.15
-72.76,-9.61,-49.11,7841.35,6229.29
-72.76,-9.61,-49.11,7841.35,6229.29
-74.58,-9.39,-51.15,6116.43,3995.0
-74.58,-9.39,-51.15,6116.43,3995.0
-73.33,-9.01,-50.27,5209.07,6966.07
-73.33,-9.01,-50.27,5209.07,6966.07
-72.59,-9.06,-49.47,7827.75,7116.85
-72.59,-9.06,-49.47,7827.75,7116.85
-74.14,-8.52,-51.56,7903.4,8009.11
-74.14,-8.52,-51.56,7903.4,8009.11
-75.15,-9.09,-52.04,9791.11,7586.36
-75.15,-9.09,-52.04,9791.11,7586.36
-76.39,-8.66,-53.71,7658.93,8304.11
-76.39,-8.66,-53.71,7658.93,8304.11
-76.23,-8.76,-53.46,10126.1,8598.38
-76.23,-8.76,-53.46,10126.1,8598.38
-75.22,-8.97,-52.24,8705.15,7946.64
-75.22,-8.97,-52.24,8705.15,7946.64
-76.08,-9.36,-52.62,8798.07,7494.17
-76.08,-9.36,-52.62,8798.07,7494.17
-77.1,-8.91,-54.14,8040.23,6756.8
-77.1,-8.91,-54.14,8040.23,6756.8
-76.81,-8.88,-53.8,7574.17,7371.31
-76.81,-8.88,-53.8,7574.17,7371.31
-78.85,-9.05,-55.64,8216.36,6169.52
-78.85,-9.05,-55.64,8216.36,6169.52
-75.91,-8.84,-52.97,6746.16,5750.77
-75.91,-8.84,-52.97,6746.16,5750.77
-78.0,-8.91,-54.99,7169.68,7042.68
-78.0,-8.91,-54.99,7169.68,7042.68
-74.23,-8.69,-51.47,7382.09,8120.7
-74.23,-8.69,-51.47,7382.09,8120.7
-76.7,-8.39,-54.12,9796.94,8650.56
-76.7,-8.39,-54.12,9796.94,8650.56
-74.42,-8.34,-51.87,9125.55,7619.89
-74.42,-8.34,-51.87,9125.55,7619.89
-75.36,-8.71,-52.6,8833.3,7888.08
-75.36,-8.71,-52.6,8833.3,7888.08
-74.87,-8.75,-52.07,9003.49,7333.15
-74.87,-8.75,-52.07,9003.49,7333.15
-71.81,-8.26,-49.48,7782.97,8817.24
-71.81,-8.26,-49.48,7782.97,8817.24
-72.75,-8.67,-49.91,10032.69,7969.96
-72.75,-8.67,-49.91,10032.69,7969.96
-72.64,-8.72,-49.8,9115.9,8275.49
-72.64,-8.72,-49.8,9115.9,8275.49
-72.23,-8.77,-49.41,8815.51,6562.19
-72.23,-8.77,-49.41,8815.51,6562.19
-72.35,-8.69,-49.36,7187.21,5385.16
-72.35,-8.69,-49.36,7187.21,5385.16
-75.27,-8.81,-52.21,5682.95,3295.16
-75.27,-8.81,-52.21,5682.95,3295.16
-71.15,-8.71,-48.25,4774.63,6483.39
-71.15,-8.71,-48.25,4774.63,6483.39
-71.44,-8.39,-48.7,7710.04,9545.07
-71.44,-8.39,-48.7,7710.04,9545.07
-71.57,-8.6,-48.66,10017.04,6630.67
-71.57,-8.6,-48.66,10017.04,6630.67
-69.22,-8.37,-46.34,7809.23,7002.6
-69.22,-8.37,-46.34,7809.23,7002.6
-70.34,-8.18,-47.65,7617.1,8498.51
-70.34,-8.18,-47.65,7617.1,8498.51
-69.22,-8.14,-46.53,9928.35,9140.56
-69.22,-8.14,-46.53,9928.35,9140.56
-69.5,-7.79,-47.15,10529.49,10941.95
-69.5,-7.79,-47.15,10529.49,10941.95
-70.21,-8.52,-47.31,12912.68,10297.92
-70.21,-8.52,-47.31,12912.68,10297.92
-73.16,-9.35,-49.64,10253.02,7762.75
-73.16,-9.35,-49.64,10253.02,7762.75
-72.38,-9.67,-48.6,9367.31,8940.76
-72.38,-9.67,-48.6,9367.31,8940.76
-73.39,-10.0,-49.28,8153.4,5159.57
-73.39,-10.0,-49.28,8153.4,5159.57
-71.13,-9.14,-47.16,6460.7,5557.8
-71.13,-9.14,-47.16,6460.7,5557.8
-71.2,-10.05,-46.98,6919.25,5657.35
-71.2,-10.05,-46.98,6919.25,5657.35
-71.58,-10.45,-46.85,6096.09,5425.23
-71.58,-10.45,-46.85,6096.09,5425.23
-71.39,-10.49,-46.59,6510.57,4707.2
-71.39,-10.49,-46.59,6510.57,4707.2
-74.76,-11.1,-49.44,5334.91,3780.39
-74.76,-11.1,-49.44,5334.91,3780.39
-76.94,-10.4,-52.33,4258.99,4346.02
-76.94,-10.4,-52.33,4258.99,4346.02
-76.04,-9.54,-52.36,6084.18,6364.93
-76.04,-9.54,-52.36,6084.18,6364.93
-74.25,-10.12,-50.03,6804.49,3748.55
-74.25,-10.12,-50.03,6804.49,3748.55
-72.25,-9.89,-48.16,4151.96,4246.66
-72.25,-9.89,-48.16,4151.96,4246.66
-72.12,-9.88,-48.02,4710.13,4342.34
-72.12,-9.88,-48.02,4710.13,4342.34
-69.64,-8.13,-46.98,6088.51,10450.17
-69.64,-8.13,-46.98,6088.51,10450.17
-71.33,-9.12,-48.11,12204.72,10144.91
-71.33,-9.12,-48.11,12204.72,10144.91
-71.41,-9.19,-48.13,11738.12,10750.73
-71.41,-9.19,-48.13,11738.12,10750.73
-71.43,-9.01,-48.33,12744.7,12909.0
-71.43,-9.01,-48.33,12744.7,12909.0
-73.17,-8.78,-50.27,13387.01,12539.01
-73.17,-8.78,-50.27,13387.01,12539.01
-74.46,-8.67,-51.68,14017.63,11192.73
-74.46,-8.67,-51.68,14017.63,11192.73
-74.37,-8.44,-51.76,12377.84,12565.79
-74.37,-8.44,-51.76,12377.84,12565.79
-73.45,-8.79,-50.64,14563.9,12425.73
-73.45,-8.79,-50.64,14563.9,12425.73
-75.5,-8.61,-52.73,14019.45,12810.81
-75.5,-8.61,-52.73,14019.45,12810.81
-74.61,-8.78,-51.8,13372.19,10281.2
-74.61,-8.78,-51.8,13372.19,10281.2
-75.94,-8.82,-52.95,11514.44,12435.8
-75.94,-8.82,-52.95,11514.44,12435.8
-76.41,-8.91,-53.38,12981.26,12004.35
-76.41,-8.91,-53.38,12981.26,12004.35
-74.92,-8.64,-52.15,14271.02,13161.98
-74.92,-8.64,-52.15,14271.02,13161.98
-76.69,-8.71,-53.86,13278.35,11486.3
-76.69,-8.71,-53.86,13278.35,11486.3
-76.97,-8.74,-54.15,13337.34,11819.57
-76.97,-8.74,-54.15,13337.34,11819.57
-75.52,-8.96,-52.5,12980.81,6418.4
-75.52,-8.96,-52.5,12980.81,6418.4
-75.8,-8.76,-52.96,11838.76,4492.24
-75.8,-8.76,-52.96,11838.76,4492.24
-78.26,-8.26,-55.89,10206.51,3557.51
-78.26,-8.26,-55.89,10206.51,3557.51
-77.55,-8.06,-55.35,7770.5,5306.0
-77.55,-8.06,-55.35,7770.5,5306.0
-77.3,-8.83,-54.33,10631.99,8536.62
-77.3,-8.83,-54.33,10631.99,8536.62
-78.13,-8.74,-55.27,11346.31,9607.56
-78.13,-8.74,-55.27,11346.31,9607.56
-78.3,-8.99,-55.19,10239.97,7303.76
-78.3,-8.99,-55.19,10239.97,7303.76
-78.01,-8.59,-55.27,7972.81,6909.12
-78.01,-8.59,-55.27,7972.81,6909.12
-79.78,-7.94,-57.6,8276.44,7069.26
-79.78,-7.94,-57.6,8276.44,7069.26
-78.79,-7.98,-56.67,8226.74,6461.16
-78.79,-7.98,-56.67,8226.74,6461.16
-75.46,-8.21,-53.13,7961.18,8924.96
-75.46,-8.21,-53.13,7961.18,8924.96
-75.48,-8.35,-52.95,10155.74,7748.08
-75.48,-8.35,-52.95,10155.74,7748.08
-77.07,-8.31,-54.68,9361.37,9103.18
-77.07,-8.31,-54.68,9361.37,9103.18
-74.81,-7.9,-52.52,10700.85,10060.48
-74.81,-7.9,-52.52,10700.85,10060.48
-73.96,-8.18,-51.6,10953.21,8895.88
-73.96,-8.18,-51.6,10953.21,8895.88
-73.21,-8.67,-50.42,10803.13,8231.4
-73.21,-8.67,-50.42,10803.13,8231.4
-74.13,-8.8,-51.22,9181.19,7438.7
-74.13,-8.8,-51.22,9181.19,7438.7
-73.74,-8.2,-51.27,9126.64,7754.91
-73.74,-8.2,-51.27,9126.64,7754.91
-72.52,-8.81,-49.66,9896.59,10169.61
-72.52,-8.81,-49.66,9896.59,10169.61
-73.82,-8.65,-51.03,10148.11,8632.01
-73.82,-8.65,-51.03,10148.11,8632.01
-72.97,-8.75,-50.07,9129.0,8676.01
-72.97,-8.75,-50.07,9129.0,8676.01
-75.76,-8.58,-52.86,10551.97,7849.83
-75.76,-8.58,-52.86,10551.97,7849.83
-80.02,-9.02,-56.9,7982.03,5230.29
-80.02,-9.02,-56.9,7982.03,5230.29
-80.22,-8.07,-58.04,5029.13,4767.81
-80.22,-8.07,-58.04,5029.13,4767.81
-80.7,-8.98,-57.57,6481.85,4938.15
-80.7,-8.98,-57.57,6481.85,4938.15
-81.59,-8.41,-59.09,5137.87,4092.69
-81.59,-8.41,-59.09,5137.87,4092.69
-81.44,-9.95,-57.43,4338.14,3162.69
-81.44,-9.95,-57.43,4338.14,3162.69
-76.88,-8.38,-54.34,3443.0,2100.89
-76.88,-8.38,-54.34,3443.0,2100.89
-74.68,-8.5,-52.0,7007.75,8073.12
-74.68,-8.5,-52.0,7007.75,8073.12
-74.25,-8.42,-51.55,9504.74,7741.5
-74.25,-8.42,-51.55,9504.74,7741.5
-75.9,-8.22,-53.53,8810.28,6663.6
-75.9,-8.22,-53.53,8810.28,6663.6
-71.58,-8.62,-48.82,6987.98,6593.48
-71.58,-8.62,-48.82,6987.98,6593.48
-70.31,-8.77,-47.22,8762.0,6789.95
-70.31,-8.77,-47.22,8762.0,6789.95
-68.43,-8.11,-46.0,7234.25,7319.2
-68.43,-8.11,-46.0,7234.25,7319.2
-70.4,-8.4,-47.74,8457.84,7546.03
-70.4,-8.4,-47.74,8457.84,7546.03
-65.45,-8.71,-42.56,9436.86,9998.77
-65.45,-8.71,-42.56,9436.86,9998.77
-68.02,-8.4,-45.29,11193.69,12206.92
-68.02,-8.4,-45.29,11193.69,12206.92
-69.78,-8.83,-46.82,12787.21,8112.73
-69.78,-8.83,-46.82,12787.21,8112.73
-67.6,-8.6,-44.72,8377.18,9518.58
-67.6,-8.6,-44.72,8377.18,9518.58
-68.09,-8.43,-45.19,13558.53,14195.95
-68.09,-8.43,-45.19,13558.53,14195.95
-69.49,-8.5,-46.55,13294.42,9726.23
-69.49,-8.5,-46.55,13294.42,9726.23
-67.96,-8.37,-45.29,10512.37,8807.19
-67.96,-8.37,-45.29,10512.37,8807.19
-68.9,-8.52,-46.19,10622.36,10559.26
-68.9,-8.52,-46.19,10622.36,10559.26
-68.3,-8.66,-45.52,11074.26,10292.77
-68.3,-8.66,-45.52,11074.26,10292.77
-67.49,-8.73,-44.67,9803.46,7609.4
-67.49,-8.73,-44.67,9803.46,7609.4
-66.04,-8.96,-43.02,8786.99,8256.74
-66.04,-8.96,-43.02,8786.99,8256.74
-67.1,-9.06,-43.96,12052.24,12091.79
-67.1,-9.06,-43.96,12052.24,12091.79
-65.07,-8.84,-42.18,14939.91,15867.53
-65.07,-8.84,-42.18,14939.91,15867.53
-66.12,-8.91,-43.09,19121.42,8419.53
-66.12,-8.91,-43.09,19121.42,8419.53
-67.76,-8.98,-44.68,17411.37,11993.38
-67.76,-8.98,-44.68,17411.37,11993.38
-70.72,-8.87,-47.7,17896.63,9935.2
-70.72,-8.87,-47.7,17896.63,9935.2
-70.55,-8.83,-47.56,14531.78,12619.12
-70.55,-8.83,-47.56,14531.78,12619.12
-69.7,-8.71,-46.87,14601.62,15607.91
-69.7,-8.71,-46.87,14601.62,15607.91
-69.96,-8.78,-47.04,19088.97,18428.26
-69.96,-8.78,-47.04,19088.97,18428.26
-70.16,-8.8,-47.26,17404.73,14224.84
-70.16,-8.8,-47.26,17404.73,14224.84
-69.39,-9.07,-46.17,16939.05,16177.83
-69.39,-9.07,-46.17,16939.05,16177.83
-70.38,-9.11,-47.23,19313.47,15565.38
-70.38,-9.11,-47.23,19313.47,15565.38
-71.01,-9.0,-47.91,17214.87,15238.95
-71.01,-9.0,-47.91,17214.87,15238.95
-72.2,-9.03,-49.1,16926.15,10002.91
-72.2,-9.03,-49.1,16926.15,10002.91
-68.7,-9.01,-45.65,14648.61,9003.58
-68.7,-9.01,-45.65,14648.61,9003.58
-64.43,-8.91,-41.5,17786.07,17789.5
-64.43,-8.91,-41.5,17786.07,17789.5
-60.79,-9.14,-37.61,23293.35,18619.07
-60.79,-9.14,-37.61,23293.35,18619.07
-63.62,-8.9,-40.64,21142.33,20228.5
-63.62,-8.9,-40.64,21142.33,20228.5
-64.82,-8.93,-41.73,21338.35,22562.11
-64.82,-8.93,-41.73,21338.35,22562.11
-68.6,-9.07,-45.46,21501.49,16588.49
-68.6,-9.07,-45.46,21501.49,16588.49
-66.12,-8.83,-43.21,22560.43,22789.26
-66.12,-8.83,-43.21,22560.43,22789.26
-66.28,-8.97,-43.28,24623.67,21148.37
-66.28,-8.97,-43.28,24623.67,21148.37
-64.85,-9.07,-41.74,24089.86,22200.61
-64.85,-9.07,-41.74,24089.86,22200.61
-67.66,-9.01,-44.6,22368.23,16864.66
-67.66,-9.01,-44.6,22368.23,16864.66
-66.86,-8.94,-43.89,18209.61,19278.74
-66.86,-8.94,-43.89,18209.61,19278.74
-61.03,-8.98,-37.95,20691.06,17155.66
-61.03,-8.98,-37.95,20691.06,17155.66
-61.74,-9.03,-38.64,21555.08,12147.9
-61.74,-9.03,-38.64,21555.08,12147.9
-62.07,-9.02,-38.92,20276.84,14479.08
-62.07,-9.02,-38.92,20276.84,14479.08
-65.84,-8.74,-42.98,21113.13,10156.76
-65.84,-8.74,-42.98,21113.13,10156.76
-66.14,-8.74,-43.17,20080.32,7316.27
-66.14,-8.74,-43.17,20080.32,7316.27
-68.36,-8.96,-45.16,14189.63,6756.38
-68.36,-8.96,-45.16,14189.63,6756.38
-69.35,-8.92,-46.3,13288.62,6762.72
-69.35,-8.92,-46.3,13288.62,6762.72
-69.82,-9.03,-46.71,16298.23,7842.55
-69.82,-9.03,-46.71,16298.23,7842.55
-68.57,-8.97,-45.4,12913.8,7080.7
-68.57,-8.97,-45.4,12913.8,7080.7
-69.89,-8.96,-46.84,14399.15,8627.09
-69.89,-8.96,-46.84,14399.15,8627.09
-69.33,-8.92,-46.37,18553.51,11176.38
-69.33,-8.92,-46.37,18553.51,11176.38
-68.6,-8.6,-45.93,18125.61,8336.87
-68.6,-8.6,-45.93,18125.61,8336.87
-65.09,-9.06,-41.95,20311.34,10317.64
-65.09,-9.06,-41.95,20311.34,10317.64
-67.75,-8.96,-44.65,19762.69,12047.23
-67.75,-8.96,-44.65,19762.69,12047.23
-66.08,-8.87,-43.11,19466.55,8286.6
-66.08,-8.87,-43.11,19466.55,8286.6
-66.0,-8.9,-42.98,19644.08,8357.0
-66.0,-8.9,-42.98,19644.08,8357.0
-68.36,-8.75,-45.38,15702.1,7148.06
-68.36,-8.75,-45.38,15702.1,7148.06
-65.8,-8.19,-43.38,12722.61,6763.31
-65.8,-8.19,-43.38,12722.61,6763.31
-63.1,-9.03,-39.98,14372.42,6918.47
-63.1,-9.03,-39.98,14372.42,6918.47
-63.61,-8.81,-40.68,13579.39,13290.9
-63.61,-8.81,-40.68,13579.39,13290.9
-65.07,-8.76,-42.2,17696.96,14579.39
-65.07,-8.76,-42.2,17696.96,14579.39
-65.32,-8.97,-42.23,15472.91,15974.92
-65.32,-8.97,-42.23,15472.91,15974.92
-65.14,-8.86,-42.13,19656.92,18392.82
-65.14,-8.86,-42.13,19656.92,18392.82
-66.78,-8.52,-44.0,19281.26,14656.13
-66.78,-8.52,-44.0,19281.26,14656.13
-62.6,-8.91,-39.61,15357.02,15265.05
-62.6,-8.91,-39.61,15357.02,15265.05
-63.31,-9.03,-40.21,17673.98,16075.96
-63.31,-9.03,-40.21,17673.98,16075.96
-64.66,-9.13,-41.47,19831.48,16723.71
-64.66,-9.13,-41.47,19831.48,16723.71
-66.67,-8.97,-43.58,16394.31,13828.53
-66.67,-8.97,-43.58,16394.31,13828.53
-65.79,-8.9,-42.81,16850.59,12016.41
-65.79,-8.9,-42.81,16850.59,12016.41
-64.27,-8.77,-41.42,13123.33,13254.57
-64.27,-8.77,-41.42,13123.33,13254.57
-62.64,-8.17,-40.29,14913.78,10616.5
-62.64,-8.17,-40.29,14913.78,10616.5
-64.53,-8.65,-41.68,14115.28,12663.61
-64.53,-8.65,-41.68,14115.28,12663.61
-65.22,-8.62,-42.34,14223.04,13761.74
-65.22,-8.62,-42.34,14223.04,13761.74
-66.09,-8.8,-43.08,17803.83,14379.81
-66.09,-8.8,-43.08,17803.83,14379.81
-70.48,-8.9,-47.41,13476.45,9448.73
-70.48,-8.9,-47.41,13476.45,9448.73
-71.24,-9.13,-47.94,11338.56,10941.84
-71.24,-9.13,-47.94,11338.56,10941.84
-72.19,-9.75,-48.37,9724.75,6924.44
-72.19,-9.75,-48.37,9724.75,6924.44
-70.97,-9.68,-47.2,6537.62,2976.2
-70.97,-9.68,-47.2,6537.62,2976.2
-69.89,-9.28,-46.45,8117.85,3320.19
-69.89,-9.28,-46.45,8117.85,3320.19
-70.15,-9.12,-46.95,5281.85,4416.59
-70.15,-9.12,-46.95,5281.85,4416.59
-69.76,-9.54,-46.03,7066.19,2894.12
-69.76,-9.54,-46.03,7066.19,2894.12
-72.48,-9.73,-48.65,6106.16,2786.34
-72.48,-9.73,-48.65,6106.16,2786.34
-71.57,-10.2,-47.17,5291.89,2798.9
-71.57,-10.2,-47.17,5291.89,2798.9
-73.19,-10.22,-48.71,4642.34,3793.16
-73.19,-10.22,-48.71,4642.34,3793.16
-68.02,-8.77,-45.08,5067.27,5628.45
-68.02,-8.77,-45.08,5067.27,5628.45
-71.41,-11.61,-44.27,6399.29,3850.78
-71.41,-11.61,-44.27,6399.29,3850.78
-64.27,-9.7,-39.55,4853.3,7873.55
-64.27,-9.7,-39.55,4853.3,7873.55
-68.51,-10.66,-43.66,9489.92,6687.22
-68.51,-10.66,-43.66,9489.92,6687.22
-68.99,-12.73,-42.1,5065.38,3030.78
-68.99,-12.73,-42.1,5065.38,3030.78
-66.77,-10.97,-41.24,4128.61,4055.43
-66.77,-10.97,-41.24,4128.61,4055.43
-65.32,-13.02,-37.37,4080.72,2031.05
-65.32,-13.02,-37.37,4080.72,2031.05
-53.88,-9.86,-29.99,3299.79,5145.37
-53.88,-9.86,-29.99,3299.79,5145.37
-54.32,-9.3,-31.01,10014.63,8250.82
-54.32,-9.3,-31.01,10014.63,8250.82
-64.1,-9.47,-40.6,5913.83,6226.28
-64.1,-9.47,-40.6,5913.83,6226.28
-65.0,-8.98,-41.91,10344.59,11352.08
-65.0,-8.98,-41.91,10344.59,11352.08
-69.36,-9.49,-45.48,9941.74,7052.68
-69.36,-9.49,-45.48,9941.74,7052.68
-71.95,-10.86,-46.64,7640.43,3959.1
-71.95,-10.86,-46.64,7640.43,3959.1
-71.71,-9.23,-48.28,6043.98,7029.78
-71.71,-9.23,-48.28,6043.98,7029.78
-73.56,-9.29,-50.04,8330.08,7273.89
-73.56,-9.29,-50.04,8330.08,7273.89
-73.58,-9.11,-50.31,9221.4,7466.34
-73.58,-9.11,-50.31,9221.4,7466.34
-74.01,-9.32,-50.58,8876.11,8274.69
-74.01,-9.32,-50.58,8876.11,8274.69
-71.92,-9.42,-48.42,9398.07,10321.92
-71.92,-9.42,-48.42,9398.07,10321.92
-73.78,-9.61,-50.0,11477.52,7782.16
-73.78,-9.61,-50.0,11477.52,7782.16
-74.6,-9.44,-50.86,9004.64,7581.58
-74.6,-9.44,-50.86,9004.64,7581.58
-75.14,-9.22,-51.45,6977.92,5898.05
-75.14,-9.22,-51.45,6977.92,5898.05
-72.76,-9.12,-49.51,8075.05,8678.87
-72.76,-9.12,-49.51,8075.05,8678.87
-72.39,-9.19,-48.96,10444.4,9309.34
-72.39,-9.19,-48.96,10444.4,9309.34
-71.55,-9.05,-48.25,10335.64,10134.18
-71.55,-9.05,-48.25,10335.64,10134.18
-70.68,-8.97,-47.62,15213.54,14156.09
-70.68,-8.97,-47.62,15213.54,14156.09
-70.33,-9.18,-46.99,16852.23,14058.33
-70.33,-9.18,-46.99,16852.23,14058.33
-72.16,-9.21,-48.82,15040.22,11897.62
-72.16,-9.21,-48.82,15040.22,11897.62
-72.51,-8.95,-49.42,11755.27,9590.87
-72.51,-8.95,-49.42,11755.27,9590.87
-70.85,-9.03,-47.74,12259.26,11712.07
-70.85,-9.03,-47.74,12259.26,11712.07
-72.73,-9.01,-49.6,12789.54,8926.98
-72.73,-9.01,-49.6,12789.54,8926.98
-72.58,-8.77,-49.54,9232.63,7990.66
-72.58,-8.77,-49.54,9232.63,7990.66
-72.31,-9.37,-48.82,10327.16,9431.48
-72.31,-9.37,-48.82,10327.16,9431.48
-72.15,-9.15,-48.79,11115.74,9150.19
-72.15,-9.15,-48.79,11115.74,9150.19
-71.94,-9.14,-48.65,12041.08,11601.17
-71.94,-9.14,-48.65,12041.08,11601.17
-72.76,-8.93,-49.63,11866.48,7271.87
-72.76,-8.93,-49.63,11866.48,7271.87
-72.61,-8.71,-49.62,12958.12,11604.98
-72.61,-8.71,-49.62,12958.12,11604.98
-70.16,-8.83,-47.11,13872.18,12614.3
-70.16,-8.83,-47.11,13872.18,12614.3
-70.68,-8.97,-47.4,14177.03,12632.62
-70.68,-8.97,-47.4,14177.03,12632.62
-70.94,-8.74,-47.92,14404.07,13564.74
-70.94,-8.74,-47.92,14404.07,13564.74
-70.75,-8.68,-47.86,15052.23,11402.56
-70.75,-8.68,-47.86,15052.23,11402.56
-70.75,-8.91,-47.63,12863.02,11547.11
-70.75,-8.91,-47.63,12863.02,11547.11
-72.2,-8.84,-49.21,13514.36,12468.29
-72.2,-8.84,-49.21,13514.36,12468.29
-72.24,-8.98,-49.1,13756.21,13784.25
-72.24,-8.98,-49.1,13756.21,13784.25
-71.63,-8.88,-48.53,17752.61,14956.72
-71.63,-8.88,-48.53,17752.61,14956.72
-71.03,-8.94,-47.96,15553.86,13513.53
-71.03,-8.94,-47.96,15553.86,13513.53
-70.23,-8.94,-47.15,16041.85,13640.74
-70.23,-8.94,-47.15,16041.85,13640.74
-72.74,-8.97,-49.62,15866.11,14620.96
-72.74,-8.97,-49.62,15866.11,14620.96
-73.41,-8.63,-50.37,16182.9,13557.45
-73.41,-8.63,-50.37,16182.9,13557.45
-73.67,-9.02,-50.45,14695.89,13267.0
-73.67,-9.02,-50.45,14695.89,13267.0
-75.43,-8.8,-52.39,14213.6,11646.32
-75.43,-8.8,-52.39,14213.6,11646.32
-74.79,-8.6,-52.0,14934.09,12216.71
-74.79,-8.6,-52.0,14934.09,12216.71
-73.11,-8.83,-50.05,14220.57,13224.4
-73.11,-8.83,-50.05,14220.57,13224.4
-72.72,-8.78,-49.76,16242.68,14531.13
-72.72,-8.78,-49.76,16242.68,14531.13
-73.08,-8.94,-49.93,16467.99,12963.21
-73.08,-8.94,-49.93,16467.99,12963.21
-73.86,-8.82,-50.7,14749.19,13757.19
-73.86,-8.82,-50.7,14749.19,13757.19
-72.44,-8.89,-49.32,17618.75,15333.8
-72.44,-8.89,-49.32,17618.75,15333.8
-73.74,-8.71,-50.79,15650.31,13343.05
-73.74,-8.71,-50.79,15650.31,13343.05
-73.33,-8.91,-50.15,16823.71,16950.01
-73.33,-8.91,-50.15,16823.71,16950.01
-73.83,-8.93,-50.73,20038.72,16099.05
-73.83,-8.93,-50.73,20038.72,16099.05
-71.65,-9.06,-48.51,18618.32,16884.1
-71.65,-9.06,-48.51,18618.32,16884.1
-70.26,-9.28,-46.9,22701.37,20184.09
-70.26,-9.28,-46.9,22701.37,20184.09
-70.79,-9.12,-47.57,23219.14,14864.01
-70.79,-9.12,-47.57,23219.14,14864.01
-69.9,-9.08,-46.68,23832.36,22152.56
-69.9,-9.08,-46.68,23832.36,22152.56
-70.93,-9.12,-47.66,25189.1,19963.14
-70.93,-9.12,-47.66,25189.1,19963.14
-70.35,-9.19,-47.07,21287.08,22171.31
-70.35,-9.19,-47.07,21287.08,22171.31
-70.17,-9.06,-46.95,26421.59,24071.17
-70.17,-9.06,-46.95,26421.59,24071.17
-69.83,-9.07,-46.66,26925.97,24837.2
-69.83,-9.07,-46.66,26925.97,24837.2
-71.12,-9.02,-47.91,26778.94,24595.92
-71.12,-9.02,-47.91,26778.94,24595.92
-69.69,-8.94,-46.56,24985.92,18813.7
-69.69,-8.94,-46.56,24985.92,18813.7
-69.45,-8.79,-46.44,21554.72,20035.19
-69.45,-8.79,-46.44,21554.72,20035.19
-69.73,-8.78,-46.67,20279.58,17726.01
-69.73,-8.78,-46.67,20279.58,17726.01
-71.0,-8.95,-47.89,20333.38,18311.92
-71.0,-8.95,-47.89,20333.38,18311.92
-71.79,-8.84,-48.72,18709.98,15256.48
-71.79,-8.84,-48.72,18709.98,15256.48
-70.42,-8.6,-47.19,17780.12,14205.24
-70.42,-8.6,-47.19,17780.12,14205.24
-69.82,-8.93,-46.73,13951.94,12151.1
-69.82,-8.93,-46.73,13951.94,12151.1
-71.68,-8.93,-48.69,13664.9,12076.23
-71.68,-8.93,-48.69,13664.9,12076.23
-70.5,-9.07,-47.22,14204.6,11097.3
-70.5,-9.07,-47.22,14204.6,11097.3
-70.17,-9.01,-47.01,13936.83,12293.89
-70.17,-9.01,-47.01,13936.83,12293.89
-72.62,-9.0,-49.51,14604.55,12296.94
-72.62,-9.0,-49.51,14604.55,12296.94
-70.13,-8.93,-47.11,16501.59,15671.89
-70.13,-8.93,-47.11,16501.59,15671.89
-70.74,-9.17,-47.52,19470.45,14886.26
-70.74,-9.17,-47.52,19470.45,14886.26
-71.94,-9.14,-48.73,16862.29,12819.24
-71.94,-9.14,-48.73,16862.29,12819.24
-70.58,-9.05,-47.28,14663.48,13909.85
-70.58,-9.05,-47.28,14663.48,13909.85
-71.27,-9.04,-48.1,15955.09,13828.68
-71.27,-9.04,-48.1,15955.09,13828.68
-71.53,-9.15,-48.25,14136.17,9962.87
-71.53,-9.15,-48.25,14136.17,9962.87
-70.25,-9.16,-47.0,14708.09,14897.36
-70.25,-9.16,-47.0,14708.09,14897.36
-68.74,-9.0,-45.61,20676.71,17572.82
-68.74,-9.0,-45.61,20676.71,17572.82
-68.91,-8.98,-45.83,17773.41,12169.9
-68.91,-8.98,-45.83,17773.41,12169.9
-68.46,-8.88,-45.47,12729.53,10630.83
-68.46,-8.88,-45.47,12729.53,10630.83
-68.44,-8.47,-45.75,12109.85,10238.25
-68.44,-8.47,-45.75,12109.85,10238.25
-70.04,-9.05,-46.88,15837.11,12776.95
-70.04,-9.05,-46.88,15837.11,12776.95
-69.79,-8.16,-47.25,14346.76,12270.34
-69.79,-8.16,-47.25,14346.76,12270.34
-71.69,-8.98,-48.61,13170.76,12047.78
-71.69,-8.98,-48.61,13170.76,12047.78
-77.49,-9.02,-54.33,12175.47,8380.61
-77.49,-9.02,-54.33,12175.47,8380.61
-80.19,-7.96,-58.09,11033.85,8910.26
-80.19,-7.96,-58.09,11033.85,8910.26
-83.46,-8.54,-60.65,7548.97,6158.97
-83.46,-8.54,-60.65,7548.97,6158.97
-83.99,-8.99,-60.84,7412.06,6629.41
-83.99,-8.99,-60.84,7412.06,6629.41
-80.88,-8.64,-58.1,7179.04,6818.28
-80.88,-8.64,-58.1,7179.04,6818.28
-81.54,-8.78,-58.69,9235.82,8414.74
-81.54,-8.78,-58.69,9235.82,8414.74
-84.82,-8.98,-61.8,7200.09,4896.93
-84.82,-8.98,-61.8,7200.09,4896.93
-85.86,-9.55,-62.19,6506.21,4357.71
-85.86,-9.55,-62.19,6506.21,4357.71
-85.5,-9.93,-61.36,3182.7,2208.62
-85.5,-9.93,-61.36,3182.7,2208.62
-87.98,-10.77,-63.09,2048.88,1222.34
-87.98,-10.77,-63.09,2048.88,1222.34
-84.1,-9.64,-60.45,4490.81,3407.63
-84.1,-9.64,-60.45,4490.81,3407.63
-84.38,-8.55,-61.82,6436.94,5784.7
-84.38,-8.55,-61.82,6436.94,5784.7
-85.67,-8.7,-62.96,7228.56,6132.38
-85.67,-8.7,-62.96,7228.56,6132.38
-84.61,-8.41,-62.13,8052.21,7301.96
-84.61,-8.41,-62.13,8052.21,7301.96
-83.95,-9.15,-60.78,7632.05,6610.97
-83.95,-9.15,-60.78,7632.05,6610.97
-84.02,-9.04,-60.93,8376.61,7686.17
-84.02,-9.04,-60.93,8376.61,7686.17
-84.0,-9.03,-60.88,7996.74,7231.98
-84.0,-9.03,-60.88,7996.74,7231.98
-85.9,-8.73,-63.08,8027.54,6983.53
-85.9,-8.73,-63.08,8027.54,6983.53
-87.95,-9.86,-63.93,7869.54,7245.15
-87.95,-9.86,-63.93,7869.54,7245.15
-85.16,-9.26,-61.84,6964.47,6339.31
-85.16,-9.26,-61.84,6964.47,6339.31
-83.71,-8.97,-60.72,5879.05,5336.54
-83.71,-8.97,-60.72,5879.05,5336.54
-85.97,-8.72,-63.19,5562.51,4810.72
-85.97,-8.72,-63.19,5562.51,4810.72
-83.7,-9.23,-60.35,6572.21,5725.74
-83.7,-9.23,-60.35,6572.21,5725.74
-82.14,-8.52,-59.44,8541.12,7341.05
-82.14,-8.52,-59.44,8541.12,7341.05
-80.33,-8.84,-57.41,8631.88,8032.27
-80.33,-8.84,-57.41,8631.88,8032.27
-85.08,-9.59,-61.26,5766.88,5420.83
-85.08,-9.59,-61.26,5766.88,5420.83
-84.95,-9.3,-61.53,4532.56,4174.28
-84.95,-9.3,-61.53,4532.56,4174.28
-88.25,-10.34,-63.81,2671.32,2420.31
-88.25,-10.34,-63.81,2671.32,2420.31
-86.44,-9.74,-62.67,2514.33,2103.41
-86.44,-9.74,-62.67,2514.33,2103.41
-86.58,-9.47,-63.01,3561.7,3058.25
-86.58,-9.47,-63.01,3561.7,3058.25
-87.83,-9.99,-63.76,3288.15,2866.75
-87.83,-9.99,-63.76,3288.15,2866.75
-86.11,-9.79,-62.03,3987.73,3116.97
-86.11,-9.79,-62.03,3987.73,3116.97
-84.06,-10.35,-59.46,4174.33,3923.79
-84.06,-10.35,-59.46,4174.33,3923.79
-83.81,-9.98,-59.39,5426.61,4350.8
-83.81,-9.98,-59.39,5426.61,4350.8
-82.67,-9.66,-58.29,5853.91,5389.99
-82.67,-9.66,-58.29,5853.91,5389.99
-82.17,-9.78,-57.96,6006.14,5247.43
-82.17,-9.78,-57.96,6006.14,5247.43
-82.82,-9.38,-59.18,6365.92,5834.04
-82.82,-9.38,-59.18,6365.92,5834.04
-82.59,-9.56,-58.8,5981.57,5386.39
-82.59,-9.56,-58.8,5981.57,5386.39
-82.31,-9.54,-58.61,6257.79,5413.79
-82.31,-9.54,-58.61,6257.79,5413.79
-81.72,-9.21,-58.51,6425.45,5722.03
-81.72,-9.21,-58.51,6425.45,5722.03
-83.67,-8.47,-61.19,6272.29,5595.43
-83.67,-8.47,-61.19,6272.29,5595.43
-82.39,-8.52,-59.86,7304.59,6895.75
-82.39,-8.52,-59.86,7304.59,6895.75
-83.38,-7.82,-61.54,6166.83,5584.79
-83.38,-7.82,-61.54,6166.83,5584.79
-82.74,-8.77,-59.86,6544.62,5175.31
-82.74,-8.77,-59.86,6544.62,5175.31
-81.73,-8.84,-58.64,6880.15,6326.11
-81.73,-8.84,-58.64,6880.15,6326.11
-82.87,-9.02,-59.59,6442.74,5850.93
-82.87,-9.02,-59.59,6442.74,5850.93
-83.44,-8.68,-60.49,5645.74,5304.81
-83.44,-8.68,-60.49,5645.74,5304.81
-81.47,-9.68,-57.75,6173.25,5347.92
-81.47,-9.68,-57.75,6173.25,5347.92
-82.53,-9.23,-59.17,5995.81,5043.27
-82.53,-9.23,-59.17,5995.81,5043.27
-83.92,-10.03,-59.68,5271.62,4886.59
-83.92,-10.03,-59.68,5271.62,4886.59
-82.04,-8.71,-59.25,6793.14,5817.37
-82.04,-8.71,-59.25,6793.14,5817.37
-81.92,-9.74,-58.11,7578.03,6792.4
-81.92,-9.74,-58.11,7578.03,6792.4
-80.32,-8.33,-57.84,7749.98,6606.91
-80.32,-8.33,-57.84,7749.98,6606.91
-80.1,-8.76,-57.25,9938.85,8882.25
-80.1,-8.76,-57.25,9938.85,8882.25
-81.23,-9.05,-58.16,8860.42,8136.02
-81.23,-9.05,-58.16,8860.42,8136.02
-81.31,-8.43,-58.88,7394.06,6482.64
-81.31,-8.43,-58.88,7394.06,6482.64
-81.91,-8.56,-59.33,8176.81,7169.25
-81.91,-8.56,-59.33,8176.81,7169.25
-82.27,-8.36,-59.9,8077.32,7252.12
-82.27,-8.36,-59.9,8077.32,7252.12
-82.1,-8.31,-59.79,7651.6,6758.74
-82.1,-8.31,-59.79,7651.6,6758.74
-81.45,-8.43,-58.92,9523.55,8642.07
-81.45,-8.43,-58.92,9523.55,8642.07
-81.43,-8.04,-59.25,9102.89,8010.44
-81.43,-8.04,-59.25,9102.89,8010.44
-80.98,-7.83,-59.12,8951.19,7856.71
-80.98,-7.83,-59.12,8951.19,7856.71
-81.16,-8.16,-58.91,8971.02,8420.04
-81.16,-8.16,-58.91,8971.02,8420.04
-83.97,-7.92,-61.63,8778.68,7909.43
-83.97,-7.92,-61.63,8778.68,7909.43
-83.27,-8.13,-59.99,7743.42,6846.13
-83.27,-8.13,-59.99,7743.42,6846.13
-83.05,-8.46,-60.05,8304.45,7421.23
-83.05,-8.46,-60.05,8304.45,7421.23
-81.45,-8.62,-58.57,11370.1,10062.39
-81.45,-8.62,-58.57,11370.1,10062.39
-81.22,-8.53,-58.46,9191.92,9027.32
-81.22,-8.53,-58.46,9191.92,9027.32
-80.67,-8.52,-57.88,8607.29,7276.65
-80.67,-8.52,-57.88,8607.29,7276.65
-80.26,-8.41,-57.81,10531.07,9223.38
-80.26,-8.41,-57.81,10531.07,9223.38
-79.99,-8.97,-56.98,10348.79,9805.73
-79.99,-8.97,-56.98,10348.79,9805.73
-81.19,-8.9,-57.55,10485.07,8630.51
-80.58,-8.72,-57.74,8753.65,8410.02
-80.97,-8.49,-58.4,9592.4,8189.66
-81.13,-8.52,-58.43,8671.17,7699.26
-80.14,-8.29,-57.81,8231.68,8504.59
-79.46,-8.94,-56.48,10337.08,9416.46
-80.53,-8.94,-57.55,10431.07,8561.4
-80.43,-7.86,-58.55,9600.19,8822.55
-80.03,-7.75,-58.28,10115.91,9050.99
-79.51,-8.69,-56.81,9733.84,8142.75
-78.55,-8.54,-56.0,8728.79,8893.51
-79.8,-8.68,-57.1,10382.53,8580.94
-79.4,-8.81,-56.57,8954.71,9130.69
-79.43,-9.13,-56.3,10443.61,9090.8
-78.98,-9.01,-55.96,9963.02,9739.02
-79.1,-9.1,-55.98,11144.53,10666.16
-79.56,-9.04,-56.51,11217.99,8606.39
-78.96,-8.71,-56.22,9221.22,8088.91
-79.3,-8.82,-56.46,9233.2,8951.29
-78.6,-9.13,-55.45,10387.58,9354.1
-79.12,-9.13,-55.99,10089.38,9444.73
-79.04,-9.13,-55.89,10234.33,9638.87
-78.92,-9.0,-55.91,10630.45,9683.15
-79.01,-9.26,-55.71,10484.03,8893.58
-78.79,-8.76,-56.01,10284.89,8878.72
-78.45,-8.77,-55.68,10020.16,9610.86
-78.39,-9.11,-55.27,10706.29,10216.46
-78.42,-8.88,-55.52,10780.67,8437.94
-78.71,-9.02,-55.68,9569.53,9893.54
-78.94,-9.12,-55.81,10544.25,9746.63
-79.27,-9.26,-56.01,10702.93,9806.31
-79.18,-9.15,-56.02,10376.28,9022.68
-79.26,-9.13,-56.12,9715.5,9169.76
-79.15,-8.83,-56.32,10144.51,9398.41
-79.18,-8.71,-56.46,9985.35,8860.37
-78.69,-9.02,-55.67,10083.5,9056.61
-79.14,-8.99,-56.15,9890.9,9645.81
-78.76,-8.83,-55.93,11009.39,9871.78
-79.25,-8.8,-56.45,10310.01,9595.78
-78.98,-8.84,-56.11,10578.45,9361.24
-79.28,-9.1,-56.17,10233.98,8721.84
-79.5,-8.82,-56.66,9381.66,8997.0
-79.33,-8.59,-56.73,9762.8,8693.71
-79.48,-7.92,-57.54,9996.01,10026.92
-78.56,-7.64,-56.92,10475.23,8092.41
-77.9,-8.3,-55.56,8933.52,8657.37
-79.63,-8.79,-56.8,9767.47,9048.16
-79.08,-8.44,-56.59,9648.96,8538.59
-78.48,-8.87,-55.54,9802.92,9004.53
-78.18,-8.74,-55.41,9743.39,8000.05
-78.09,-8.22,-55.82,8449.09,7801.25
-77.95,-8.84,-55.0,9188.74,8369.36
-77.73,-8.58,-54.93,10311.16,10184.56
-77.85,-9.07,-54.65,11308.56,9671.67
-79.43,-9.23,-56.1,10363.33,8796.05
-80.08,-8.89,-57.04,9858.37,8442.22
-78.27,-8.93,-55.24,9323.33,9068.98
-78.45,-9.01,-55.28,10241.34,8605.4
-78.65,-8.72,-55.53,9386.09,8922.45
-78.11,-8.71,-55.0,10038.84,8662.67
-78.29,-8.58,-55.36,9707.83,9201.04
-77.83,-8.5,-54.99,10484.18,10331.54
-77.36,-9.28,-53.93,11438.27,10567.29
-77.41,-9.33,-53.96,11001.22,10205.86
-77.8,-9.31,-54.37,10974.28,9749.68
-78.04,-9.09,-54.85,10319.8,9287.94
-77.27,-8.82,-54.36,10622.3,10176.03
-76.73,-9.07,-53.63,11221.35,10529.09
-77.42,-9.22,-54.16,11710.0,10341.88
-77.83,-8.96,-54.78,10848.38,9434.53
-78.18,-9.06,-55.02,10557.75,9869.07
-79.61,-9.12,-56.44,11057.63,9131.02
-81.17,-8.73,-58.43,9714.59,8872.66
-81.86,-8.58,-59.26,9471.05,7771.45
-81.57,-8.61,-58.94,8384.2,6485.25
-81.4,-8.45,-58.94,8327.53,6878.71
-80.71,-8.47,-58.2,8509.14,7450.57
-79.64,-8.5,-57.13,8635.91,7958.2
-81.78,-8.71,-59.06,8971.43,7356.37
-81.5,-8.56,-58.93,8156.41,7567.48
-81.38,-8.7,-58.66,8502.91,7134.62
-81.39,-9.58,-57.77,7684.13,7256.36
-82.47,-8.86,-59.51,8688.91,7952.93
-83.76,-8.78,-60.29,7856.94,6354.67
-82.36,-8.71,-59.24,7414.22,6785.77
-80.78,-8.54,-58.11,8053.37,7986.46
-81.85,-8.59,-59.1,8873.91,8080.64
-82.48,-8.61,-59.75,8727.07,7356.12
-81.57,-8.58,-58.79,8142.66,6795.83
-81.87,-9.42,-58.28,8312.17,8007.18
-83.11,-9.87,-59.01,8435.95,7643.52
-82.18,-10.04,-57.83,8298.0,6995.38
-81.62,-10.12,-57.34,7703.81,7223.11
-82.42,-9.95,-58.11,7505.42,6335.28
-82.34,-9.92,-58.02,7357.67,8117.89
-81.4,-8.32,-59.02,10074.66,9409.26
-82.25,-8.4,-59.71,9574.51,7133.66
-82.34,-8.84,-59.33,6893.35,4527.45
-80.74,-8.61,-58.03,5143.8,4866.72
-82.7,-9.61,-59.04,4917.3,4182.28
-81.86,-8.51,-59.23,5094.29,4872.11
-82.16,-8.9,-59.0,5816.96,5361.29
-80.85,-9.41,-57.34,6118.75,5504.39
-84.64,-12.06,-58.47,5002.78,2390.31
-83.48,-9.33,-59.65,2231.3,1698.8
-78.58,-8.99,-55.58,3542.86,3915.12
-82.73,-8.79,-59.64,6322.68,4196.67
-82.54,-10.6,-57.79,4744.98,3772.37
-82.26,-11.28,-56.73,3735.32,2121.34
-84.39,-10.1,-60.11,2206.35,1407.75
-81.92,-8.53,-59.29,3081.99,2087.52
-82.54,-9.51,-58.84,3042.4,1299.84
-80.66,-12.19,-53.94,4516.64,3612.9
-78.65,-9.5,-54.86,1580.63,2186.79
-72.45,-8.95,-49.25,5112.74,8511.79
-72.16,-9.14,-48.98,11010.34,9971.91
-74.24,-9.36,-50.84,10826.82,3841.75
-77.55,-8.57,-54.75,9776.73,4805.67
-76.84,-9.45,-53.23,6953.99,2851.16
-78.75,-9.2,-55.31,4784.88,3386.32
-81.85,-8.88,-58.91,6269.51,3483.86
-80.81,-10.52,-56.09,5098.13,2091.63
-79.81,-9.23,-56.54,4081.13,2935.89
-83.25,-8.87,-60.3,4672.37,2065.24
-84.99,-9.36,-61.49,4289.33,2804.11
-88.08,-11.34,-62.57,4676.57,1915.65
-83.15,-9.29,-59.76,2850.64,3511.56
-82.19,-9.05,-59.09,6720.09,7904.76
-82.8,-9.33,-59.46,9728.67,8840.3
-85.99,-9.15,-62.83,8886.84,5922.32
-84.18,-9.3,-60.82,6030.06,5185.34
-85.43,-9.0,-62.36,5680.75,4558.77
-86.55,-8.89,-63.46,5447.94,4661.3
-88.01,-10.02,-63.78,5674.12,5040.94
-86.41,-9.78,-62.53,5551.93,4888.54
-85.59,-9.67,-61.89,5763.29,4754.29
-85.73,-8.9,-62.76,5988.51,7223.87
-85.22,-8.87,-62.18,8061.67,8800.43
-84.75,-9.09,-61.66,9861.18,6815.66
-86.13,-9.24,-62.79,7515.05,6834.59
-85.68,-9.02,-62.55,7281.49,5167.96
-85.77,-8.36,-63.37,7645.33,7443.23
-86.19,-8.79,-63.33,8104.38,6911.18
-86.18,-9.23,-62.88,7928.81,7736.53
-84.32,-8.65,-61.43,8663.2,9457.89
-83.91,-8.97,-60.86,10779.31,9332.58
-83.9,-8.66,-61.09,10071.0,9295.43
